<?xml version="1.0" encoding="ISO-8859-1"?>
<!--
    Copyright (c) 2023, Rhapsody. All Rights Reserved.

-->

<project name="ngs-patch-11.2.10-install" default="build" basedir="..">

    <property name="ngs-11.2.10-proddir" value="${stagedir}/ngs-patch-11.2.10/11.2.10_rev356"/>
    <property name="ngs-11.2.10-ngsdir" value="${ngs-11.2.10-proddir}/ngs"/>
    <property name="ngs-11.2.10-syssrcdir" value="${ngs-11.2.10-proddir}/ngs/system"/>
    <property name="ngs-11.2.10-bakdir" value="${stagedir}/ngs-patch-11.2.10/11.2.10_rev356/backup"/>
    <property name="ngs-11.2.10-sdkbakdir" value="${ngs-11.2.10-bakdir}/sdk"/>


    <target name="ngs-dep-check-11.2.10">

        <checktarget targetname="ngmm-patch-11.2.10" checkproperty="ngmm-patch-exists"/>
        <echotime msg="ngs-dep-check: ngmm distribution for patch found: ${ngmm-patch-exists}"/>

        <checktarget targetname="ngms-patch-11.2.10" checkproperty="ngms-patch-exists"/>
        <echotime msg="ngs-dep-check: ngms distribution for patch found: ${ngms-patch-exists}"/>

        <checktarget targetname="ngg-patch-11.2.10" checkproperty="ngg-patch-exists"/>
        <echotime msg="ngs-dep-check: ngg distribution for patch found: ${ngg-patch-exists}"/>

        <checktarget targetname="ngrs-patch-11.2.10" checkproperty="ngrs-patch-exists"/>
        <echotime msg="ngs-dep-check: ngrs distribution for patch found: ${ngrs-patch-exists}"/>

        <checktarget targetname="ngau-client-patch-11.2.10" checkproperty="ngau-client-patch-exists"/>
        <echotime msg="ngs-dep-check: ngau client distribution for patch found: ${ngau-client-patch-exists}"/>

        <checktarget targetname="ngau-server-patch-11.2.10" checkproperty="ngau-server-patch-exists"/>
        <echotime msg="ngs-dep-check: ngau server distribution for patch found: ${ngau-server-patch-exists}"/>

        <checktarget targetname="ngxr-patch-11.2.10" checkproperty="ngxr-patch-exists"/>
        <echotime msg="ngs-dep-check: ngxr distribution for patch found: ${ngxr-patch-exists}"/>
    </target>

    <target name="ngs-patch-11.2.10"  description="[install] Install Patch for ngs-11.2.10" depends="ngs-dep-check-11.2.10">

        <if><available file="${ngs-11.2.10-bakdir}/install_control.txt"/>
            <then>
                <fail message="Patch already installed, you must first run the uninstall."/>
            </then>
        </if>

        <echotime msg="Installing Dependent Patches for 11.2.10"/>

        <if><isset property="ngmm-patch-exists"/>
        <then>
            <antcall target="ngmm-patch-11.2.10"/>
        </then>
        </if>

        <if><isset property="ngms-patch-exists"/>
        <then>
            <antcall target="ngms-patch-11.2.10"/>
        </then>
        </if>

        <if><isset property="ngg-patch-exists"/>
        <then>
            <antcall target="ngg-patch-11.2.10"/>
        </then>
        </if>

        <if><isset property="ngrs-patch-exists"/>
        <then>
            <antcall target="ngrs-patch-11.2.10"/>
        </then>
        </if>

        <if><isset property="ngau-client-patch-exists"/>
            <then>
                <antcall target="ngau-client-patch-11.2.10"/>
            </then>
        </if>

        <if><isset property="ngau-server-patch-exists"/>
            <then>
                <antcall target="ngau-server-patch-11.2.10"/>
            </then>
        </if>

        <if><isset property="ngxr-patch-exists"/>
        <then>
            <antcall target="ngxr-patch-11.2.10"/>
        </then>
        </if>

        <echotime msg="Installing ngs Patch 11.2.10"/>

        <copy todir="${ngsdestdir}/system" overwrite="true">
            <fileset dir="${ngs-11.2.10-syssrcdir}"/>
        </copy>

        <delete dir="${ngsdestdir}/data/repo"/>

        <!-- TICKET: 29665 - These steps are normally not needed for patches -->
        <getdbproperties-unattended base="ngs-common" />

        <ngdbsync base="ngs-common" target-name="commontables" src="${ngs-11.2.10-proddir}/setup/db/common-db-schema.xml" datatablespace="${ngs-common-db_tablespace_data}"
        indextablespace="${ngs-common-db_tablespace_index}" blobtablespace="${ngs-common-db_tablespace_blob}"/>
        <!-- TICKET: 29665 - end -->

        <ngsexec command="bundle:update com.nextgate.ngs-core mvn:com.nextgate/ngs-core/11.2.10.356"/>
        <update-dependency-override tag="11.2.10-356" command="UPDATE" fullVersion="11.2.10.356" bundleBaseUri="com.nextgate/ngs-core"/>

        <!-- TICKET: 30029 -->
        <ngsexec command="bundle:update com.nextgate.interfaces.ngs-interfaces mvn:com.nextgate.interfaces/ngs-interfaces/11.2.10.356"/>
        <update-dependency-override tag="11.2.10-356" command="UPDATE" fullVersion="11.2.10.356" bundleBaseUri="com.nextgate.interfaces/ngs-interfaces"/>

        <ngsexec command="bundle:update com.nextgate.support.ngs-support-collector mvn:com.nextgate.support/ngs-support-collector/11.2.10.356"/>
        <update-dependency-override tag="11.2.10-356" command="UPDATE" fullVersion="11.2.10.356" bundleBaseUri="com.nextgate.support/ngs-support-collector"/>

        <!-- TICKET: 28997 -->

        <ngsexec command="bundle:update com.nextgate.interfaces.nghs-interfaces mvn:com.nextgate.interfaces/nghs-interfaces/11.2.10.356"/>
        <update-dependency-override tag="11.2.10-356" command="UPDATE" fullVersion="11.2.10.356" bundleBaseUri="com.nextgate.interfaces/nghs-interfaces"/>

        <ngsexec command="bundle:update com.nextgate.hostedservices.phonehome.ngs-phonehome-client mvn:com.nextgate.hostedservices.phonehome/ngs-phonehome-client/11.2.10.356"/>
        <update-dependency-override tag="11.2.10-356" command="UPDATE" fullVersion="11.2.10.356" bundleBaseUri="com.nextgate.hostedservices.phonehome/ngs-phonehome-client"/>

        <!-- TICKET: 28974 -->

        <ngsexec command="bundle:update com.nextgate.am.ngam-service mvn:com.nextgate.am/ngam-service/11.2.10.356"/>
        <update-dependency-override tag="11.2.10-356" command="UPDATE" fullVersion="11.2.10.356" bundleBaseUri="com.nextgate.am/ngam-service"/>

        <!-- TICKET: 29193 -->

        <ngsexec command="bundle:update com.nextgate.interfaces.ngaug-interfaces mvn:com.nextgate.interfaces/ngaug-interfaces/11.2.10.356"/>
        <update-dependency-override tag="11.2.10-356" command="UPDATE" fullVersion="11.2.10.356" bundleBaseUri="com.nextgate.interfaces/ngaug-interfaces"/>

        <!-- TICKET: 29319 -->

        <ngsexec command="bundle:update com.nextgate.ui.framework-fe mvn:com.nextgate.ui/framework-fe/11.2.10.356/war"/>
        <update-dependency-override tag="11.2.10-356" command="UPDATE" fullVersion="11.2.10.356" bundleBaseUri="com.nextgate.ui/framework-fe" bundleAddUri="war"/>

        <!-- TICKET: 30491 -->
        <ngsexec command="bundle:update com.nextgate.interfaces.ngam-interfaces mvn:com.nextgate.interfaces/ngam-interfaces/11.2.10.356"/>
        <update-dependency-override tag="11.2.10-356" command="UPDATE" fullVersion="11.2.10.356" bundleBaseUri="com.nextgate.interfaces/ngam-interfaces"/>

        <!-- TICKET: 30827 -->
        <ngsexec command="bundle:update com.nextgate.workflow.ui.ngwf-taskmanager mvn:com.nextgate.workflow.ui/ngwf-taskmanager/11.2.10.356/war"/>
        <update-dependency-override tag="ngs-11.2.10" command="UPDATE" fullVersion="11.2.10.356" bundleBaseUri="com.nextgate.workflow.ui/ngwf-taskmanager" bundleAddUri="war"/>

        <ngsexec command="bundle:update com.nextgate.ui.ngmc mvn:com.nextgate.ui/ngmc/11.2.10.356/war"/>
        <update-dependency-override tag="ngs-11.2.10" command="UPDATE" fullVersion="11.2.10.356" bundleBaseUri="com.nextgate.ui/ngmc" bundleAddUri="war"/>

        <if><isset property="ngau-server-patch-exists"/>
            <then>
                <copy todir="${ngsdestdir}/etc/nextgate/reporter/reports" overwrite="true" force="true">
                    <fileset dir="${ngau-server-11.2.10-ngsdir}/etc/nextgate/reporter/reports" includes="AugmentUtilization.jrxml" />
                </copy>
            </then>
        </if>

        <touch file="${ngs-11.2.10-bakdir}/install_control.txt" mkdirs="true"/>
        <ngsexec command="ngs:save-support-info"/>
        <echotime msg="Support File has been generated, please store it for tracking purposes (ngs/data/support)"/>
        <echotime msg="IMPORTANT: Install completed, restart NGS before progressing or the patch will not apply properly"/>
    </target>

    <target name="ngs-patch-11.2.10-uninstall" description="[install] Uninstall Patch ngs-11.2.10" depends="ngs-dep-check-11.2.10">

        <if>
            <not>
                <available file="${ngs-11.2.10-bakdir}/install_control.txt"/>
            </not>
            <then>
                <fail message="Patch already uninstalled."/>
            </then>
        </if>

        <echotime msg="Uninstalling Dependent Patches for 11.2.10"/>

        <if><isset property="ngmm-patch-exists"/>
        <then>
            <antcall target="ngmm-patch-11.2.10-uninstall"/>
        </then>
        </if>

        <if><isset property="ngms-patch-exists"/>
        <then>
            <antcall target="ngms-patch-11.2.10-uninstall"/>
        </then>
        </if>

        <if><isset property="ngg-patch-exists"/>
        <then>
            <antcall target="ngg-patch-11.2.10-uninstall"/>
        </then>
        </if>

        <if><isset property="ngrs-patch-exists"/>
        <then>
            <antcall target="ngrs-patch-11.2.10-uninstall"/>
        </then>
        </if>

        <if><isset property="ngau-client-patch-exists"/>
            <then>
                <antcall target="ngau-client-patch-11.2.10-uninstall"/>
            </then>
        </if>

        <if><isset property="ngau-server-patch-exists"/>
            <then>
                <antcall target="ngau-server-patch-11.2.10-uninstall"/>
            </then>
        </if>

        <if><isset property="ngxr-patch-exists"/>
        <then>
            <antcall target="ngxr-patch-11.2.10-uninstall"/>
        </then>
        </if>

        <echotime msg="Uninstalling ngs Patch 11.2.10"/>

        <delete dir="${ngsdestdir}/data/repo"/>

        <update-dependency-override tag="11.2.10-356" command="ROLLBACK"/>

        <ngsexec command="bundle:update com.nextgate.interfaces.ngs-interfaces mvn:com.nextgate.interfaces/ngs-interfaces/11.2.0"/>
        <ngsexec command="bundle:update com.nextgate.ngs-core mvn:com.nextgate/ngs-core/11.2.0"/>
        <ngsexec command="bundle:update com.nextgate.support.ngs-support-collector mvn:com.nextgate.support/ngs-support-collector/11.2.0"/>
        <ngsexec command="bundle:update com.nextgate.interfaces.ngaug-interfaces mvn:com.nextgate.interfaces/ngaug-interfaces/11.2.0"/>
        <ngsexec command="bundle:update com.nextgate.interfaces.nghs-interfaces mvn:com.nextgate.interfaces/nghs-interfaces/11.2.0"/>
        <ngsexec command="bundle:update com.nextgate.hostedservices.phonehome.ngs-phonehome-client mvn:com.nextgate.hostedservices.phonehome/ngs-phonehome-client/11.2.0"/>
        <ngsexec command="bundle:update com.nextgate.am.ngam-service mvn:com.nextgate.am/ngam-service/11.2.0"/>
        <ngsexec command="bundle:update com.nextgate.ui.framework-fe mvn:com.nextgate.ui/framework-fe/11.2.0/war"/>
        <ngsexec command="bundle:update com.nextgate.interfaces.ngam-interfaces mvn:com.nextgate.interfaces/ngam-interfaces/11.2.0"/>
        <ngsexec command="bundle:update com.nextgate.workflow.ui.ngwf-taskmanager mvn:com.nextgate.workflow.ui/ngwf-taskmanager/11.2.0/war"/>
        <ngsexec command="bundle:update com.nextgate.ui.ngmc mvn:com.nextgate.ui/ngmc/11.2.0/war"/>

        <delete file="${ngs-11.2.10-bakdir}/install_control.txt"/>
        <ngsexec command="ngs:save-support-info"/>
        <echotime msg="Support File has been generated, please store it for tracking purposes (ngs/data/support)"/>
        <echotime msg="IMPORTANT: Uninstall completed, restart NGS before progressing or the patch will not be properly removed"/>
    </target>
</project>
