<?xml version="1.0" encoding="ISO-8859-1"?>
<!--
    Copyright (c) 2023, NextGate Solutions All Rights Reserved.

    This program, and all the NextGate Solutions authored routines referenced herein, 
    are the proprietary properties and trade secrets of NextGate Solutions.

    Except as provided for by license agreement, this program shall not be duplicated, 
    used, reversed engineered, decompiled, disclosed, shared, transferred, placed in a 
    publicly available location (such as but not limited to ftp sites, bit torrents, 
    shared drives, peer to peer networks, and such) without  written consent signed by 
    an officer of NextGate Solutions.

    DISCLAIMER:

    This software is provided as is without warranty of any kind. The entire risk as to 
    the results and performance of this software is assumed by the licensee and/or its 
    affiliates and/or assignees. NextGate Solutions disclaims all warranties, either 
    expressed or implied, including but not limited to the implied warranties of 
    merchantability, fitness for a particular purpose, title and non-infringement, with 
    respect to this software.

    - version control -
    $Id$
-->
<common-schema>
    <configuration>
        <validation enabled="true" />
    </configuration>

    <tables>
        <!--
            MM SEQ TABLE 
        -->

        <table name="MM_SEQ_TABLE" defaultTenantOnly="true">
            <columns>
                <column name="SEQ_NAME" size="32" type="STRING" nullable="false"/>
                <column name="SEQ_COUNT" size="38" scale="0" type="INT" nullable="false"/>
            </columns>

            <indexes>
                <index name="U_SEQ_NAME" unique="true">
                    <field name="SEQ_NAME"/>
                </index>
            </indexes>

            <defaultRows keyColumns="SEQ_NAME">
                <row SEQ_NAME="EUID" SEQ_COUNT="1000000000"/>
                <row SEQ_NAME="COMMENT" SEQ_COUNT="0"/>
                <row SEQ_NAME="CANDIDATEKEY" SEQ_COUNT="0"/>
                <row SEQ_NAME="POTENTIALDUPLICATE" SEQ_COUNT="0"/>
                <row SEQ_NAME="POTENTIALDUPLICATEHIST" SEQ_COUNT="0"/>
                <row SEQ_NAME="POTDUPGROUP" SEQ_COUNT="1000"/>
                <row SEQ_NAME="POTDUPGROUPHIST" SEQ_COUNT="1000"/>
                <row SEQ_NAME="MARKEDUNIQUE" SEQ_COUNT="0"/>
                <row SEQ_NAME="TRANSACTIONNUMBER" SEQ_COUNT="0"/>
                <row SEQ_NAME="ASSUMEDMATCH" SEQ_COUNT="0"/>
                <row SEQ_NAME="AUDIT" SEQ_COUNT="0"/>
                <row SEQ_NAME="MERGE" SEQ_COUNT="0"/>
                <row SEQ_NAME="MM_APPL" SEQ_COUNT="2"/>
                <row SEQ_NAME="TRANSACTIONLOG" SEQ_COUNT="0"/>
                <row SEQ_NAME="POTENTIALOVERLAY" SEQ_COUNT="0"/>
                <row SEQ_NAME="COMPARISON" SEQ_COUNT="0"/>
                <row SEQ_NAME="COMPARISONLOG" SEQ_COUNT="0"/>
                <row SEQ_NAME="COMPARISONLOGFALSEPOS" SEQ_COUNT="0"/>
                <row SEQ_NAME="GENERAL" SEQ_COUNT="0"/>
                <row SEQ_NAME="COMMENTHISTORY" SEQ_COUNT="0"/>
                <row SEQ_NAME="ISSUEID" SEQ_COUNT="1000"/>
                <row SEQ_NAME="OVERWRITEHISTORY" SEQ_COUNT="1000"/>
            </defaultRows>
        </table>

        <!--
            NGS NODE MANAGER TABLES 
        -->

        <table name="NGS_NODE" autoid="id" defaultTenantOnly="true">
            <columns>
                <column name="id" size="10" scale="0" type="INTEGER" nullable="false"/>
                <column name="created" type="DATETIME" nullable="false"/>
                <column name="createdBy" size="64" type="STRING" nullable="false"/>
                <column name="updated" type="DATETIME" nullable="true"/>
                <column name="updatedBy" size="64" type="STRING" nullable="true"/>
                <column name="name" size="64" type="STRING" nullable="false"/>
                <column name="environment" size="32" type="STRING" nullable="false"/>
                <column name="locale" size="8" type="STRING" nullable="true"/>
                <column name="groupedBy" size="64" type="STRING" nullable="true"/>
                <column name="host" size="256" type="STRING" nullable="false"/>
                <column name="portHttp"  size="8" scale="0" type="INTEGER" nullable="true"/>
                <column name="portHttps"  size="8" scale="0" type="INTEGER" nullable="true"/>
                <column name="hbPort"  size="8" scale="0" type="INTEGER" nullable="true"/>
                <column name="clusterReplicaPort"  size="8" scale="0" type="INTEGER" nullable="true"/>
                <column name="hbWebStrategy" size="8" type="STRING" nullable="true"/>
                <column name="lastKnownState" size="8" type="STRING" nullable="true" />
            </columns>
            
            <indexes>
                <index name="PK_NGS_NODE_ID" primaryKey="true">
                    <field name="id"/>
                </index>
                
                <index name="UK_NGS_NODE_NAME" unique="true">
                    <field name="name"/>
                </index>
            </indexes>
        </table>

        <!--
            NGS TENANT MANAGER TABLES 
        -->

        <table name="NGS_TENANT" autoid="id" defaultTenantOnly="true">
            <columns>
                <column name="id" size="10" scale="0" type="INTEGER" nullable="false"/>
                <column name="created" type="DATETIME" nullable="false"/>
                <column name="createdBy" size="64" type="STRING" nullable="false"/>
                <column name="updated" type="DATETIME" nullable="true"/>
                <column name="updatedBy" size="64" type="STRING" nullable="true"/>
                <column name="code" size="64" type="STRING" nullable="false"/>
                <column name="name" size="256" type="STRING" nullable="false"/>
                <column name="status" size="32" type="STRING" nullable="false"/>
                <column name="maxEuids"  size="10" scale="0" type="INTEGER" nullable="true"/>
                <column name="maxRecords"  size="10" scale="0" type="INTEGER" nullable="true"/>
                <column name="parentId"  size="10" scale="0" type="INTEGER" nullable="true"/>
            </columns>

            <indexes>
                <index name="PK_NGS_TENANT_ID" primaryKey="true">
                    <field name="id"/>
                </index>

                <index name="UK_NGS_TENANT_CODE" unique="true">
                    <field name="code"/>
                </index>
            </indexes>
        </table>

        <!--
            ID SERVICE TABLES 
        -->

        <table name="NGIDS_IDS" autoid="id">
            <columns>
                <column name="id" size="10" scale="0" type="INTEGER" nullable="false"/>
                <column name="created" type="DATETIME" nullable="false"/>
                <column name="createdBy" size="64" type="STRING" nullable="false"/>
                <column name="updated" type="DATETIME" nullable="true"/>
                <column name="updatedBy" size="64" type="STRING" nullable="true"/>
                <column name="assingingAuth" size="64" type="STRING" nullable="false"/>
                <column name="lastReservedId" size="38" scale="0" type="INTEGER" nullable="false"/>
            </columns>
            
            <indexes>
                <index name="PK_NGIDS_ID" primaryKey="true">
                    <field name="id"/>
                </index>
                
                <index name="UK_NGIDS_AA" unique="true">
                    <field name="assingingAuth"/>
                </index>
            </indexes>
        </table>

        <!--
            ISSUES COMMON TABLES
        -->

        <table name="NG_ISSUES" >
            <columns>
                <column name="issueId" size="10" scale="0" type="INTEGER" nullable="false"/>
                <column name="product" size="64" type="STRING" nullable="false"/>
                <column name="type" size="64" type="STRING" nullable="false"/>
                <column name="refId" size="10" scale="0" type="INTEGER" nullable="true"/>
                <column name="createTime" type="DATETIME" nullable="false"/>
                <column name="createUser" size="64" type="STRING" nullable="true"/>
                <column name="updateTime" type="DATETIME" nullable="true"/>
                <column name="updateUser" size="64" type="STRING" nullable="true"/>
                <!-- only expect state to be one digit but make 2 just in case -->
                <column name="state" size="10" type="STRING" nullable="false"/>
                <column name="assignee" size="64" type="STRING" nullable="true"/>
                <column name="assignedBy" size="64" type="STRING" nullable="true"/>
                <column name="assignedDate" type="DATETIME" nullable="true"/>
                <column name="assigneeType" size="10" type="STRING" nullable="true"/>
                <column name="reason" size="32" type="STRING" nullable="true"/>
                <column name="appName" size="50" type="STRING" nullable="true"/>
                <column name="appFunc" size="100" type="STRING" nullable="true"/>
                <column name="executionCycleId" size="64" type="STRING" nullable="true"/>
            </columns>

            <indexes>
                <index name="PK_NGISSUE_ID" primaryKey="true">
                    <field name="issueId"/>
                </index>
                <index name="NGIS_PRODUCT" >
                    <field name="product"/>
                </index>
                <index name="NGIS_TYPE" >
                    <field name="type"/>
                </index>
                <index name="NGIS_REFID" >
                    <field name="refId"/>
                </index>
                <index name="NGIS_CREATE_TIME" >
                    <field name="createTime"/>
                </index>
                <index name="NGIS_UPDATE_TIME" >
                    <field name="updateTime"/>
                </index>
                <index name="NGIS_ASSIGNED_TIME" >
                    <field name="assignedDate"/>
                </index>
                <index name="NGIS_CREATE_USER" >
                    <field name="createUser"/>
                </index>
                <index name="NGIS_UPDATE_USER" >
                    <field name="updateUser"/>
                </index>
                <index name="NGIS_STATE" >
                    <field name="state"/>
                </index>
                <index name="NGIS_ASSIGNEE" >
                    <field name="assignee"/>
                </index>
            </indexes>
        </table>

        <table name="NG_ISSUES_ATTRS" >
            <columns>
                <column name="issueId" size="10" scale="0" type="INTEGER" nullable="false"/>
                <column name="name" size="64" type="STRING" nullable="false"/>
                <column name="value" size="128" type="STRING" nullable="true"/>
                <column name="floatValue" type="NUMERIC" size="10" scale="3" nullable="true"/>
            </columns>

            <indexes>
                <index name="UQ_ISSUE_ATTRS" unique="true">
                    <field name="name"/>
                    <field name="value"/>
                    <field name="floatValue"/>
                    <field name="issueId"/>
                </index>
                <index name="NG_ISSUE_ATTRS1">
                    <field name="issueId"/>
                </index>
            </indexes>
            <foreignKeys>
                <foreignKey name="FK_ISSUE_ID" referenceTable="NG_ISSUES">
                    <reference localColumn="issueId" foreignColumn="issueId"/>
                </foreignKey>
            </foreignKeys>
        </table>

        <table name="NG_ISSUES_HIST" >
            <columns>
                <column name="historyId" size="10" scale="0" type="INTEGER" nullable="false"/>
                <column name="issueId" size="10" scale="0" type="INTEGER" nullable="false"/>
                <column name="product" size="64" type="STRING" nullable="false"/>
                <column name="type" size="64" type="STRING" nullable="false"/>
                <column name="refId" size="10" scale="0" type="INTEGER" nullable="true"/>
                <column name="createTime" type="DATETIME" nullable="false"/>
                <column name="createUser" size="64" type="STRING" nullable="true"/>
                <column name="updateTime" type="DATETIME" nullable="true"/>
                <column name="previousUpdateTime" type="DATETIME" nullable="true"/>
                <column name="updateUser" size="64" type="STRING" nullable="true"/>
                <column name="previousUpdateUser" size="64" type="STRING" nullable="true"/>
                <column name="state" size="10" type="STRING" nullable="false"/>
                <column name="previousState" size="10" type="STRING" nullable="true"/>
                <column name="assignee" size="64" type="STRING" nullable="true"/>
                <column name="previousAssignee" size="64" type="STRING" nullable="true"/>
                <column name="assignedBy" size="64" type="STRING" nullable="true"/>
                <column name="previousAssignedBy" size="64" type="STRING" nullable="true"/>
                <column name="assignedDate" type="DATETIME" nullable="true"/>
                <column name="previousAssignedDate" type="DATETIME" nullable="true"/>
                <column name="assigneeType" size="10" type="STRING" nullable="true"/>
                <column name="previousAssigneeType" size="10" type="STRING" nullable="true"/>
                <column name="reason" size="32" type="STRING" nullable="true"/>
                <column name="previousReason" size="32" type="STRING" nullable="true"/>
                <column name="appName" size="50" type="STRING" nullable="true"/>
                <column name="appFunc" size="100" type="STRING" nullable="true"/>
                <column name="executionCycleId" size="64" type="STRING" nullable="true"/>
                <column name="transactionNumber" type="INT" size="20" scale="0" nullable="true"/>
            </columns>

            <indexes>
                <index name="PK_NGIS_HIST_ID" primaryKey="true">
                    <field name="historyId"/>
                </index>

                <index name="NGIS_HIST_ISSUE_ID" >
                    <field name="issueId"/>
                </index>
                <index name="NGIS_HIST_STATE" >
                    <field name="state"/>
                </index>
                <index name="NGIS_HIST_TYPE" >
                    <field name="type"/>
                </index>
                <index name="NGIS_HIST_CREATE_TIME" >
                    <field name="createTime"/>
                </index>
                <index name="NGIS_HIST_ASSIGNED_TIME" >
                    <field name="assignedDate"/>
                </index>
            </indexes>
        </table>

        <table name="NG_ISSUES_HIST_ATTRS" >
            <columns>
                <column name="historyId" size="10" scale="0" type="INTEGER" nullable="false"/>
                <column name="name" size="64" type="STRING" nullable="false"/>
                <column name="value" size="128" type="STRING" nullable="true"/>
                <column name="floatValue" type="NUMERIC" size="10" scale="3" nullable="true"/>
            </columns>

            <indexes>
                <index name="UQ_ISSUE_HIST_ATTRS" unique="true">
                    <field name="name"/>
                    <field name="value"/>
                    <field name="floatValue"/>
                    <field name="historyId"/>
                </index>
                <index name="NG_ISSUE_HIST_ATTRS1">
                    <field name="historyId"/>
                </index>
            </indexes>
            <foreignKeys>
                <foreignKey name="FK_ISSUE_HIST_ID" referenceTable="NG_ISSUES_HIST">
                    <reference localColumn="historyId" foreignColumn="historyId"/>
                </foreignKey>
            </foreignKeys>
        </table>
    </tables>

        <!--
            PROCEDURES
        -->

    <procedures>
        <literals>
            <literal name="SEQMGR">
                <definition type="mysql">
                    <![CDATA[
                        CREATE PROCEDURE SEQMGR (IN Seq_Name_In VARCHAR(100), IN Chunk_Size_In INT, OUT Count_out BIGINT) DETERMINISTIC
                        BEGIN
                           START TRANSACTION;
                           SET Count_out = -1;

                           UPDATE MM_SEQ_TABLE SET SEQ_COUNT = SEQ_COUNT+Chunk_Size_In WHERE SEQ_NAME = Seq_Name_In;
                           SELECT SEQ_COUNT-Chunk_Size_In  INTO Count_out FROM MM_SEQ_TABLE WHERE SEQ_NAME = Seq_Name_In;
                           COMMIT;
                        END;
                    ]]>
                </definition>

                <definition type="mariadb">
                    <![CDATA[
                        CREATE PROCEDURE SEQMGR (IN Seq_Name_In VARCHAR(100), IN Chunk_Size_In INT, OUT Count_out BIGINT) DETERMINISTIC
                        BEGIN
                           START TRANSACTION;
                           SET Count_out = -1;

                           UPDATE MM_SEQ_TABLE SET SEQ_COUNT = SEQ_COUNT+Chunk_Size_In WHERE SEQ_NAME = Seq_Name_In;
                           SELECT SEQ_COUNT-Chunk_Size_In  INTO Count_out FROM MM_SEQ_TABLE WHERE SEQ_NAME = Seq_Name_In;
                           COMMIT;
                        END;
                    ]]>
                </definition>

                <definition type="h2">
                    <![CDATA[
                        CREATE ALIAS IF NOT EXISTS SEQMGR NOBUFFER AS $$
                            @CODE
                            java.sql.ResultSet seqmgr(java.sql.Connection conn, String seqName, int chunkSize) throws java.sql.SQLException {

                            conn.createStatement().executeUpdate((new StringBuffer())
                                .append("UPDATE MM_SEQ_TABLE SET SEQ_COUNT=(SEQ_COUNT + ").append(chunkSize).append(") WHERE SEQ_NAME = '").append(seqName).append("'").toString());

                            return conn.createStatement().executeQuery((new StringBuffer())
                                .append("SELECT SEQ_COUNT FROM MM_SEQ_TABLE WHERE SEQ_NAME = '").append(seqName).append("'").toString());
                        } $$;
                    ]]>
                </definition>

                <definition type="mssql">
                    <![CDATA[
                        CREATE PROCEDURE SEQMGR
                            @seq_name_in varchar(30),
                            @chunk_size_in int,
                            @seq_num_out bigint output
                        AS
                        BEGIN
                            -- SET NOCOUNT ON added to prevent extra result sets from
                            -- interfering with SELECT statements.
                            SET NOCOUNT ON

                            -- Update sequence number
                            update MM_SEQ_TABLE set SEQ_COUNT = SEQ_COUNT + @chunk_size_in where SEQ_NAME = @seq_name_in

                            -- if error return -1
                            if @@error = 0
                                select @seq_num_out = SEQ_COUNT - @chunk_size_in from MM_SEQ_TABLE where SEQ_NAME = @seq_name_in
                            else
                                select @seq_num_out = -1
                            COMMIT
                        END
                    ]]>
                </definition>

                <definition type="oracle">
                    <![CDATA[
                        CREATE OR REPLACE FUNCTION SEQMGR (Seq_Name_In IN VARCHAR2, Chunk_Size_In IN INTEGER) RETURN INTEGER
                        IS
                        PRAGMA AUTONOMOUS_TRANSACTION;

                           Count_out INTEGER := 0;
                        BEGIN
                           Count_out := -1;

                           UPDATE MM_SEQ_TABLE SET seq_count = seq_count+Chunk_Size_In WHERE seq_name = Seq_Name_In;
                           SELECT seq_count-Chunk_Size_In  INTO Count_out FROM MM_SEQ_TABLE WHERE seq_name = Seq_Name_In;
                           COMMIT;

                           RETURN Count_out;
                        EXCEPTION
                            WHEN OTHERS THEN
                                RETURN -1;
                        END SEQMGR;
                    ]]>
                </definition>

                <definition type="postgresql">
                    <![CDATA[
                        CREATE OR REPLACE FUNCTION SEQMGR (Seq_Name_In VARCHAR, Chunk_Size_In INTEGER) RETURNS BIGINT AS $$
                        DECLARE
                           Count_out BIGINT;
                        BEGIN
                           UPDATE MM_SEQ_TABLE SET seq_count = seq_count+Chunk_Size_In WHERE seq_name = Seq_Name_In;
                           SELECT seq_count-Chunk_Size_In INTO Count_out FROM MM_SEQ_TABLE WHERE seq_name = Seq_Name_In;

                           IF NOT FOUND THEN RETURN -1;
                           END IF;

                           RETURN Count_out;
                        END;
                        $$ LANGUAGE plpgsql;
                    ]]>
                </definition>
            </literal>
        </literals>

        <procedure name="SEQMGR" literalRef="SEQMGR" defaultTenantOnly="true"/>
    </procedures>
</common-schema>
