<?xml version="1.0" encoding="ISO-8859-1"?>
<!--
    Copyright (c) 2022, NextGate Solutions All Rights Reserved.

    This program, and all the NextGate Solutions authored routines referenced herein,
    are the proprietary properties and trade secrets of NextGate Solutions.

    Except as provided for by license agreement, this program shall not be duplicated,
    used, reversed engineered, decompiled, disclosed, shared, transferred, placed in a
    publicly available location (such as but not limited to ftp sites, bit torrents,
    shared drives, peer to peer networks, and such) without  written consent signed by
    an officer of NextGate Solutions.

    DISCLAIMER:

    This software is provided as is without warranty of any kind. The entire risk as to
    the results and performance of this software is assumed by the licensee and/or its
    affiliates and/or assignees. NextGate Solutions disclaims all warranties, either
    expressed or implied, including but not limited to the implied warranties of
    merchantability, fitness for a particular purpose, title and non-infringement, with
    respect to this software.

    - version control -
    $Id$
-->
<verify-schema>
    <configuration>
        <validation enabled="true" />
    </configuration>
    <tables>
        <table name="MM_VERIFY" autoid="ID">
            <columns>
                <column name="ID" size="10" scale="0" type="INT" nullable="false"/>
                <column name="POTDUPGROUP_ID" size="10" scale="0" type="INT" nullable="false"/>
                <column name="TOKEN" size="255" type="STRING" nullable="false"/>
                <column name="TOKEN_EXPIRATION" type="DATETIME" nullable="false"/>
                <column name="URL" size="255" type="STRING" nullable="true"/>
                <column name="CREATED_DATE" type="DATETIME" nullable="false"/>
                <column name="CREATED_BY" size="255" type="STRING" nullable="false"/>
                <column name="EXPIRED_DATE" type="DATETIME" nullable="true"/>
                <column name="EXPIRED_BY" size="255" type="STRING" nullable="true"/>
                <column name="LAST_ACCESSED_DATE" type="DATETIME" nullable="true"/>
                <column name="RESPONSE_DATE" type="DATETIME" nullable="true"/>
                <column name="PROOF_PASSED" type="BOOLEAN" nullable="true"/>
                <column name="ACTION" size="255" type="STRING" nullable="true"/>
                <column name="NAME" size="255" type="STRING" nullable="true"/>
            </columns>
            <indexes>
                <index name="PK_MM_VERIFY" primaryKey="true">
                    <field name="ID"/>
                </index>
                <index name="IDX_VERIFY_PDG">
                    <field name="POTDUPGROUP_ID"/>
                </index>
                <index name="IDX_VERIFY_TOKEN">
                    <field name="TOKEN"/>
                </index>
            </indexes>
        </table>
        <table name="MM_VERIFY_QUESTION" autoid="ID">
            <columns>
                <column name="ID" size="10" scale="0" type="INT" nullable="false"/>
                <column name="VERIFY_ID" size="10" scale="0" type="INT" nullable="false"/>
                <column name="FIELD" size="255" type="STRING" nullable="false"/>
                <column name="TYPE" size="255" type="STRING" nullable="true"/>
                <column name="QUESTION_TEXT" size="255" type="STRING" nullable="false"/>
            </columns>
            <indexes>
                <index name="PK_MM_VERIFY_QUES" primaryKey="true">
                    <field name="ID"/>
                </index>
            </indexes>
            <foreignKeys>
                <foreignKey name="FK_VERIFY_QUES_VERIFY" referenceTable="MM_VERIFY">
                    <reference localColumn="VERIFY_ID" foreignColumn="ID"/>
                </foreignKey>
            </foreignKeys>
        </table>
        <table name="MM_VERIFY_QUESTION_OPTION" autoid="ID">
            <columns>
                <column name="ID" size="10" scale="0" type="INT" nullable="false"/>
                <column name="QUESTION_ID" size="10" scale="0" type="INT" nullable="false"/>
                <column name="VALUE" size="255" type="STRING" nullable="false"/>
                <column name="DISPLAY" size="255" type="STRING" nullable="true"/>
                <column name="SELECTED" type="BOOLEAN" nullable="false"/>
            </columns>
            <indexes>
                <index name="PK_MM_VERIFY_QUESOPT" primaryKey="true">
                    <field name="ID"/>
                </index>
                <index name="U_MM_VERIFY_QUESOPT_IDVAL" unique="true">
                    <field name="QUESTION_ID"/>
                    <field name="VALUE"/>
                </index>
            </indexes>
            <foreignKeys>
                <foreignKey name="FK_VERIFY_QUESOPT_QUES" referenceTable="MM_VERIFY_QUESTION">
                    <reference localColumn="QUESTION_ID" foreignColumn="ID"/>
                </foreignKey>
            </foreignKeys>
        </table>
    </tables>
</verify-schema>
