<?xml version="1.0" encoding="ISO-8859-1"?>
<!--
    Copyright (c) 2023, Rhapsody. All Rights Reserved.
-->

<project name="ngms-patch-11.2.10-install" default="build" basedir="..">

    <property name="ngms-11.2.10-proddir" value="${stagedir}/ngms-patch-11.2.10/11.2.10_rev356"/>
    <property name="ngms-11.2.10-ngsdir" value="${ngms-11.2.10-proddir}/ngs"/>
    <property name="ngms-11.2.10-syssrcdir" value="${ngms-11.2.10-proddir}/ngs/system"/>
    <property name="ngms-11.2.10-bakdir" value="${stagedir}/ngms-patch-11.2.10/11.2.10_rev356/backup"/>
    <property name="ngms-11.2.10-sdkbakdir" value="${ngms-11.2.10-bakdir}/sdk"/>

    <target name="ngms-patch-11.2.10">

        <echotime msg="Installing ngms Patch 11.2.10"/>

        <copy todir="${ngsdestdir}/system" overwrite="true">
            <fileset dir="${ngms-11.2.10-syssrcdir}"/>
        </copy>

        <echotime msg="Backing up Groovy scripts to ${ngms-11.2.10-bakdir}/ngs/etc/nextgate/ms/workflow/taskscripts"/>
        <copy tofile="${ngms-11.2.10-bakdir}/ngs/etc/nextgate/ms/workflow/taskscripts/WorkflowCompleteMMNotificationImpl.groovy"
                file="${ngsdestdir}/etc/nextgate/ms/workflow/taskscripts/WorkflowCompleteMMNotificationImpl.groovy"
                overwrite="true"/>

        <copy tofile="${ngsdestdir}/etc/nextgate/ms/workflow/taskscripts/WorkflowCompleteMMNotificationImpl.groovy"
                file="${ngms-11.2.10-ngsdir}/etc/nextgate/ms/workflow/taskscripts/WorkflowCompleteMMNotificationImpl.groovy"
                overwrite="true"/>

        <ngsexec command="bundle:update com.nextgate.ms.components.adapters.ngms-sender-workflow mvn:com.nextgate.ms.components.adapters/ngms-sender-workflow/11.2.10.356"/>
        <update-dependency-override tag="11.2.10-356" command="UPDATE" fullVersion="11.2.10.356" bundleBaseUri="com.nextgate.ms.components.adapters/ngms-sender-workflow" />

        <ngsexec command="bundle:update com.nextgate.ms.components.mappers.ngms-mapper-mmnotification mvn:com.nextgate.ms.components.mappers/ngms-mapper-mmnotification/11.2.10.356"/>
        <update-dependency-override tag="11.2.10-356" command="UPDATE" fullVersion="11.2.10.356" bundleBaseUri="com.nextgate.ms.components.mappers/ngms-mapper-mmnotification" />

        <ngsexec command="bundle:update com.nextgate.ms.components.adapters.ngms-listener-mm mvn:com.nextgate.ms.components.adapters/ngms-listener-mm/11.2.10.356"/>
        <update-dependency-override tag="11.2.10-356" command="UPDATE" fullVersion="11.2.10.356" bundleBaseUri="com.nextgate.ms.components.adapters/ngms-listener-mm" />

        <ngsexec command="ngs:save-support-info"/>
        <echotime msg="Support File has been generated, please store it for tracking purposes (ngs/data/support)"/>

        <echotime msg="Install completed, please restart NGS"/>
    </target>

    <target name="ngms-patch-11.2.10-uninstall">

        <echotime msg="Uninstalling ngms Patch 11.2.10"/>

        <delete dir="${ngsdestdir}/data/repo"/>
        <delete file="${ngsdestdir}/etc/nextgate/ms/workflow/taskscripts/WorkflowCompleteMMNotificationImpl.groovy"/>

        <echotime msg="Restoring back up of altered Groovy scripts from ${ngms-11.2.10-bakdir}"/>
        <copy tofile="${ngsdestdir}/etc/nextgate/ms/workflow/taskscripts/WorkflowCompleteMMNotificationImpl.groovy"
                file="${ngms-11.2.10-bakdir}/ngs/etc/nextgate/ms/workflow/taskscripts/WorkflowCompleteMMNotificationImpl.groovy"
                overwrite="true"/>

        <update-dependency-override tag="11.2.10-356" command="ROLLBACK"/>

    	<ngsexec command="bundle:list -s | grep com.nextgate.ms.components.adapters.ngms-sender-workflow" outputproperty="ngms-workflow-sender-installed-tag"/>
    	<if><contains string="${ngms-workflow-sender-installed-tag}" substring="com.nextgate.ms.components.adapters.ngms-sender-workflow"/>
    	<then>
    		<echotime msg="Found NGMS Workflow Sender, reverting"/>
	        <ngsexec command="bundle:update com.nextgate.ms.components.adapters.ngms-sender-workflow mvn:com.nextgate.ms.components.adapters/ngms-sender-workflow/11.2.0"/>
    	</then>
    	</if>

        <ngsexec command="bundle:list -s | grep com.nextgate.ms.components.mappers.ngms-mapper-mmnotification" outputproperty="ngms-notification-mapper-installed-tag"/>
        <if><contains string="${ngms-notification-mapper-installed-tag}" substring="com.nextgate.ms.components.mappers.ngms-mapper-mmnotification"/>
            <then>
                <echotime msg="Found NGMS Notification Mapper, reverting"/>
                <ngsexec command="bundle:update com.nextgate.ms.components.mappers.ngms-mapper-mmnotification mvn:com.nextgate.ms.components.mappers/ngms-mapper-mmnotification/11.2.0"/>
            </then>
        </if>

        <ngsexec command="bundle:list -s | grep com.nextgate.ms.components.adapters.ngms-listener-mm" outputproperty="ngms-listener-mm-installed-tag"/>
        <if><contains string="${ngms-listener-mm-installed-tag}" substring="com.nextgate.ms.components.adapters.ngms-listener-mm"/>
            <then>
                <echotime msg="Found NGMS Matchmetrix Listener, reverting"/>
                <ngsexec command="bundle:update com.nextgate.ms.components.adapters.ngms-listener-mm mvn:com.nextgate.ms.components.adapters/ngms-listener-mm/11.2.0"/>
            </then>
        </if>

        <ngsexec command="ngs:save-support-info"/>
        <echotime msg="Support File has been generated, please store it for tracking purposes (ngs/data/support)"/>

        <echotime msg="Uninstall completed, please restart NGS"/>
    </target>
</project>
