{
    "Person": {
        "root": "person",
        "webserviceRoot": "PersonRS",
        "codesetAssigningAuthority": "PersonRegistry",
        "fieldDefinitions": [
            {
                "Phone": {
                    "fields": {
                        "Phone": {
                            "filter": "nxgDqmPhoneFilter"
                        }
                    }
                }
            },
			{
                "Suffix": {
                    "codeset": "SUFFIX"
                }
            },
			{
                "DOB": {
                    "filter": "dateShort"
                }
            },
            {
                "Address": {
                    "displayName": "Address",
                    "fields": {
                        "AddressLine1": {
                            "displayName": "Address Line 1"
                        },
                        "AddressLine2": {
                            "displayName": "Address Line 2"
                        },
                        "AddressLine3": {
                            "displayName": "Address Line 3"
                        },
                        "AddressLine4": {
                            "displayName": "Address Line 4"
                        },
                        "AddressType": {
                            "displayName": "Type"
                        },
                        "City": {
                            "displayName": "City"
                        },
                        "CountryCode": {
                            "displayName": "Country Code"
                        },
                        "County": {
                            "displayName": "County"
                        },
                        "HouseNumber": {
                            "displayName": "House Number"
                        },
                        "Latitude": {
                            "displayName": "GEO Latitude"
                        },
                        "Longitude": {
                            "displayName": "GEO Longitude"
                        },
                        "PostalCode": {
                            "displayName": "Postal Code"
                        },
                        "PostalCodeExt": {
                            "displayName": "Postal Code Extension"
                        },
                        "StateCode": {
                            "displayName": "State",
                            "codeset": "STATE_CODE"
                        },
                        "StreetDir": {
                            "displayName": "Street Dir"
                        },
                        "StreetName": {
                            "displayName": "Street Name"
                        },
                        "StreetType": {
                            "displayName": "Street Type"
                        }
                    }
                }
            },
            {
                "AddressHistory": {
                    "displayName": "Address History",
                    "fields": {
                        "AddressLine1": {
                            "displayName": "Address Line 1"
                        },
                        "AddressLine2": {
                            "displayName": "Address Line 2"
                        },
                        "AddressLine3": {
                            "displayName": "Address Line 3"
                        },
                        "AddressLine4": {
                            "displayName": "Address Line 4"
                        },
                        "AddressType": {
                            "displayName": "Type"
                        },
                        "City": {
                            "displayName": "City"
                        },
                        "CountryCode": {
                            "displayName": "Country Code"
                        },
                        "County": {
                            "displayName": "County"
                        },
                        "HouseNumber": {
                            "displayName": "House Number"
                        },
                        "Latitude": {
                            "displayName": "GEO Latitude"
                        },
                        "Longitude": {
                            "displayName": "GEO Longitude"
                        },
                        "PostalCode": {
                            "displayName": "Zip Code"
                        },
                        "PostalCodeExt": {
                            "displayName": "Zip Code Extension"
                        },
                        "StateCode": {
                            "displayName": "State",
                            "codeset": "STATE_CODE"
                        },
                        "StreetDir": {
                            "displayName": "Street Dir"
                        },
                        "StreetName": {
                            "displayName": "Street Name"
                        },
                        "StreetType": {
                            "displayName": "Street Type"
                        }
                    }
                }
            },
            {
                "DeathIndicator": {
                    "codeset": "DEATH"
                }
            },
            {
                "VIPFlag": {
                    "codeset": "VIPINDICATOR"
                }
            }
        ],
        "recordDetails": {
			"fields": [
                "GivenName",
				"GivenName2",
				"Prefix",
				"Suffix",
				"NationalID",
				"DateOfBirth",
				"Sex",
				"DeathIndicator",
				"DateOfDeath",
				"Race",
				"MaritalStatus",
				"MotherMaidenName",
				"VIPFlag",
				"AuthFlag",
				"Language",
                {
                    "field": "Address",
                    "displayName": "Address",
                    "typeField": "AddressType",
                    "subFields": [
                        "AddressType",
                        "AddressLine1",
                        "AddressLine2",
                        "City",
                        "PostalCode",
						"Province",
                        "CountryCode"
                    ]
                },
                {
                    "field": "Phone",
                    "displayName": "Phone",
                    "typeField": "PhoneType",
                    "subFields": [
                        "PhoneType",
                        "Phone",
						"PhoneExt"
                    ]
                },
				{
                    "field": "Identifier",
                    "displayName": "Identifier",
                    "typeField": "IdType",
                    "subFields": [
                        "IdType",
                        "IdValue1",
						"IdValue2",
						"Status",
						"AssignedDate",
						"ExpirationDate"
                    ]
                },
                {
                    "field": "Email",
                    "displayName": "Email",
                    "typeField": "EmailType",
                    "subFields": [
                        "EmailType",
                        "EmailAddress"
                    ]
                },
                {
                    "field": "Alias",
                    "displayName": "Alias",
                    "subFields": [
                        "FamilyName",
                        "FamilyName2",
						"GivenName",
						"GivenName2"
                    ]
                },
				{
                    "field": "Contact",
                    "displayName": "Contact",
					"typeField": "ContactRole",
                    "subFields": [
						"ContactRole",
                        "ContactFamilyName",
						"ContactGivenName",
						"ContactRel"
                    ]
                }
			],
            "tabs": [
                {
                    "id": "history-tab",
                    "displayName": {
                        "en_US": "History",
                        "pt_BR": "Histórico",
                        "fr_FR": "Historique",
                        "es_ES": "Historia"
                    },
                    "urlPath": "history",
                    "uiStateName": "dqm-app.details.tab",
                    "directive": {
                        "name": "nxg-record-history",
                        "fields": [
                            {
                                "field": "GivenName",
                                "defaultShow": true
                            },
                            {
                                "field": "FamilyName",
                                "defaultShow": true
                            },
                            {
                                "field": "DateOfBirth",
                                "defaultShow": true
                            },
                            {
                                "field": "NationalID",
                                "defaultShow": true
                            },
                            {
                                "field": "Sex",
                                "defaultShow": true
                            },
                            {
                                "field": "Address",
                                "defaultShow": true,
                                "typeField": "AddressType",
                                "subFields": [
                                    "AddressLine1",
                                    "AddressLine2",
                                    "City",
                                    "StateCode",
                                    "PostalCode",
                                    "CountryCode"
                                ]
                            },
                            {
                                "field": "Phone",
                                "defaultShow": true,
                                "typeField": "PhoneType",
                                "subFields": [
                                    "Phone"
                                ]
                            },
                            {
                                "field": "Contact",
                                "defaultShow": false,
                                "typeField": "ContactRole",
                                "subFields": [
                                    "ContactFirstName",
                                    "ContactLastName",
                                    "ContactRel"
                                ]
                            },
                            {
                                "field": "Email",
                                "defaultShow": false,
                                "typeField": "EmailType",
                                "subFields": [
                                    "EmailAddress"
                                ]
                            }
                        ]
                    }
                }
            ]
        },
        "search": {
            "recentlySearchedSection": {
                "fields": [
                    "GivenName",
                    "GivenName2",
                    "FamilyName",
                    "NationalID",
                    "DateOfBirth",
                    "Sex",
                    {
                        "field": "Address",
                        "displayName": "Address",
                        "subFields": [
                            "AddressLine1",
                            "City",
                            "StateCode",
                            "PostalCode"
                        ]
                    },
                    {
                        "field": "Phone",
                        "displayName": "Phone",
                        "subFields": [
                            "Phone"
                        ]
                    },
                    {
                        "field": "Email",
                        "displayName": "Email",
                        "typeField": "EmailType",
                        "subFields": [
                            "EmailType",
                            "EmailAddress"
                        ]
                    }
                ]
            },
            "recentlyViewedSection": {
                "fields": [
                    "GivenName",
                    "GivenName2",
                    "FamilyName",
                    "NationalID",
                    "DateOfBirth",
                    "Sex"
                ]
            }
        },
        "compare": {
            "useAdvancedMarkUniqueOptions": true,
            "allLidsExpanded": true,
            "fields": [
                "GivenName",
                "GivenName2",
                "FamilyName",
                "Suffix",
                "Prefix",
                "NationalID",
                "DateOfBirth",
                "Sex",
                "DeathIndicator",
                "DateOfDeath",
                "MaritalStatus",
                "MotherMaidenName",
                "VIPFlag",
                {
                    "field": "Address",
                    "displayName": "Address",
                    "typeField": "AddressType",
                    "subFields": [
                        "AddressType",
                        "AddressLine1",
                        "AddressLine2",
                        "City",
                        "StateCode",
                        "PostalCode",
                        "CountryCode"
                    ]
                },
                {
                    "field": "Phone",
                    "displayName": "Phone",
                    "typeField": "PhoneType",
                    "subFields": [
                        "PhoneType",
                        "Phone"
                    ]
                },
                {
                    "field": "Email",
                    "displayName": "Email",
                    "typeField": "EmailType",
                    "subFields": [
                        "EmailType",
                        "EmailAddress"
                    ]
                },
                {
                    "field": "Alias",
                    "displayName": "Alias",
                    "subFields": [
                        "GivenName",
                        "FamilyName"
                    ]
                }
            ]
        },
        "previewModal": {
            "fields": [
                "GivenName",
                "GivenName2",
                "FamilyName",
                "Suffix",
                "Prefix",
                "NationalID",
                "DateOfBirth",
                "Sex",
                "DeathIndicator",
                "DateOfDeath",
                "MaritalStatus",
                "MotherMaidenName",
                "VIPFlag",
                {
                    "field": "Address",
                    "displayName": "Address",
                    "typeField": "AddressType",
                    "subFields": [
                        "AddressType",
                        "AddressLine1",
                        "AddressLine2",
                        "City",
                        "StateCode",
                        "PostalCode",
                        "CountryCode"
                    ]
                },
                {
                    "field": "Phone",
                    "displayName": "Phone",
                    "typeField": "PhoneType",
                    "subFields": [
                        "PhoneType",
                        "Phone"
                    ]
                },
                {
                    "field": "Email",
                    "displayName": "Email",
                    "typeField": "EmailType",
                    "subFields": [
                        "EmailType",
                        "EmailAddress"
                    ]
                },
                {
                    "field": "Alias",
                    "displayName": "Alias",
                    "subFields": [
                        "GivenName",
                        "FamilyName"
                    ]
                }
            ]
        },
        "issueSearch": {
            "searchResults": {
                "fields": [
                  "DateOfBirth",
                  "Sex",
                  "NationalID",
                    {
                        "field": "Address",
                        "displayName": "Address",
                        "typeField": "AddressType",
                        "subFields": [
                            "AddressType",
                            "AddressLine1",
                            "AddressLine2",
                            "City",
                            "StateCode",
                            "PostalCode",
                            "CountryCode"
                        ]
                    },
                    {
                        "field": "Phone",
                        "displayName": "Phone",
                        "typeField": "PhoneType",
                        "subFields": [
                            "PhoneType",
                            "Phone"
                        ]
                    }
                ]
            }
        }
    },
    "Provider": {
        "root": "provider",
        "webserviceRoot": "ProviderRS",
        "codesetAssigningAuthority": "ProviderRegistry",
        "fieldDefinitions": [
            {
                "Address": {
                    "displayName": "Address",
                    "fields": {
                        "AddressLine1": {
                            "displayName": "Address Line 1"
                        },
                        "AddressLine2": {
                            "displayName": "Address Line 2"
                        },
                        "AddressLine3": {
                            "displayName": "Address Line 3"
                        },
                        "AddressLine4": {
                            "displayName": "Address Line 4"
                        },
                        "AddressType": {
                            "displayName": "Type"
                        },
                        "City": {
                            "displayName": "City"
                        },
                        "CountryCode": {
                            "displayName": "Country Code"
                        },
                        "County": {
                            "displayName": "County"
                        },
                        "HouseNumber": {
                            "displayName": "House Number"
                        },
                        "Latitude": {
                            "displayName": "GEO Latitude"
                        },
                        "Longitude": {
                            "displayName": "GEO Longitude"
                        },
                        "PostalCode": {
                            "displayName": "Zip Code"
                        },
                        "PostalCodeExt": {
                            "displayName": "Zip Code Extension"
                        },
                        "StateCode": {
                            "displayName": "State"
                        },
                        "StreetDir": {
                            "displayName": "Street Dir"
                        },
                        "StreetName": {
                            "displayName": "Street Name"
                        },
                        "StreetType": {
                            "displayName": "Street Type"
                        }
                    }
                }
            }
        ],
        "recordDetails": {
            "tabs": [
                {
                    "id": "history-tab",
                    "displayName": {
                        "en_US": "History",
                        "pt_BR": "Histórico",
                        "fr_FR": "Historique",
                        "es_ES": "Historia"
                    },
                    "urlPath": "history",
                    "uiStateName": "dqm-app.details.tab",
                    "directive": {
                        "name": "nxg-record-history",
                        "fields": [
                            "firstName",
                            "lastName",
                            {
                                "name": "middleName",
                                "displayName": "This Is A Way To Override The Label For Middle Name"
                            }
                        ],
                        "whateverOtherConfigYouNeedForTheDirective": "NameOfDirective"
                    }
                }
            ]
        },
        "compare": {
            "useAdvancedMarkUniqueOptions": true,
            "allLidsExpanded": true,
            "fields": [
                "Name_1",
                "Name_2",
                "Name_3",
                "Name_Prefix",
                "Name_Suffix",
                "Name_Honor",
                "Name_Title",
                "BirthDate",
                "BirthCity",
                "BirthState",
                "BirthCountry",
                "GenderCode",
                {
                    "field": "Locations",
                    "displayName": "Locations",
                    "typeField": "LocTypeCode",
                    "subFields": [
                        "LocName",
                        "AddrLine1",
                        "AddrLine2",
                        "AddrCity",
                        "AddrState",
                        "AddrPostCode",
                        "AddrCountry"
                    ]
                },
                {
                    "field": "Communications",
                    "displayName": "Communications",
                    "typeField": "CommAddrTypeCode",
                    "subFields": [
                        "CommAddrTypeCode",
                        "CommAddr1",
                        "WorkLocID"
                    ]
                },
                {
                    "field": "Specialties",
                    "displayName": "Specialties",
                    "typeField": "SpecialCode",
                    "subFields": [
                        "SpecialCode",
                        "PrimarySpecialty",
                        "ContributingSystem",
                        "GoverningBoard"
                    ]
                },
                {
                    "field": "AlternateNames",
                    "displayName": "Alternate Names",
                    "subFields": [
                        "Name_1",
                        "Name_2",
                        "Name_3"
                    ]
                },
                {
                    "field": "ManagedIdentifiers",
                    "displayName": "Identifiers",
                    "typeField": "IdTypeCode",
                    "subFields": [
                        "IdTypeCode",
                        "AssigningAuthority",
                        "Id"
                    ]
                }
            ]
        },
        "search": {
            "recentlySearchedSection": {
                "fields": [
                    "Name_1",
                    "Name_3",
                    "TypeCode",
                    {
                        "field": "Locations",
                        "displayName": "Locations",
                        "typeField": "LocTypeCode",
                        "subFields": [
                            "LocName",
                            "AddrLine1",
                            "AddrCity",
                            "AddrState",
                            "AddrPostCode"
                        ]
                    },
                    {
                        "field": "Communications",
                        "displayName": "Communications",
                        "typeField": "CommAddrTypeCode",
                        "subFields": [
                            "CommAddrTypeCode",
                            "CommAddr1"
                        ]
                    },
                    {
                        "field": "Specialties",
                        "displayName": "Specialties",
                        "typeField": "SpecialCode",
                        "subFields": [
                            "SpecialCode"
                        ]
                    },
                    {
                        "field": "ManagedIdentifiers",
                        "displayName": "Identifiers",
                        "typeField": "IdTypeCode",
                        "subFields": [
                            "IdTypeCode",
                            "Id"
                        ]
                    }
                ]
            },
            "recentlyViewedSection": {
                "fields": [
                    "Name_1",
                    "Name_2",
                    "Name_3",
                    "Name_Prefix",
                    "Name_Suffix"
                ]
            }
        },
        "previewModal": {
            "fields": [
                "Name_1",
                "Name_2",
                "Name_3",
                "Name_Prefix",
                "Name_Suffix",
                "BirthDate",
                "BirthCity",
                "BirthState",
                "BirthCountry",
                "GenderCode",
                {
                    "field": "Locations",
                    "displayName": "Locations",
                    "typeField": "LocTypeCode",
                    "subFields": [
                        "LocName",
                        "AddrLine1",
                        "AddrLine2",
                        "AddrCity",
                        "AddrState",
                        "AddrPostCode",
                        "AddrCountry"
                    ]
                },
                {
                    "field": "Communications",
                    "displayName": "Communications",
                    "typeField": "CommAddrTypeCode",
                    "subFields": [
                        "CommAddrTypeCode",
                        "CommAddr1",
                        "WorkLocID"
                    ]
                },
                {
                    "field": "Specialties",
                    "displayName": "Specialties",
                    "typeField": "SpecialCode",
                    "subFields": [
                        "SpecialCode",
                        "PrimarySpecialty",
                        "ContributingSystem",
                        "GoverningBoard"
                    ]
                },
                {
                    "field": "AlternateNames",
                    "displayName": "Alternate Names",
                    "subFields": [
                        "Name_1",
                        "Name_2",
                        "Name_3"
                    ]
                },
                {
                    "field": "ManagedIdentifiers",
                    "displayName": "Identifiers",
                    "typeField": "IdTypeCode",
                    "subFields": [
                        "IdTypeCode",
                        "AssigningAuthority",
                        "Id"
                    ]
                }
            ]
        },
        "issueSearch": {
            "searchResults": {
              "fields": [
                  "Name_1",
                  "Name_3",
                  "TypeCode",
                  "GenderCode",
                  "BirthDate",
                  {
                      "field": "Locations",
                      "displayName": "Locations",
                      "typeField": "LocTypeCode",
                      "subFields": [
                          "LocName",
                          "AddrLine1",
                          "AddrCity",
                          "AddrState",
                          "AddrPostCode"
                      ]
                  },
                  {
                      "field": "Communications",
                      "displayName": "Communications",
                      "typeField": "CommAddrTypeCode",
                      "subFields": [
                          "CommAddrTypeCode",
                          "CommAddr1"
                      ]
                  }
              ]
            }
        }
    }
}
