<!--
    ==============================================================================================================
        Verify service targets
    ==============================================================================================================
-->
<project name="ngmm-patch-11.2.10-verify-install" default="build" basedir="..">
    <property name="ngmm-11.2.10-proddir" value="${stagedir}/ngmm-patch-11.2.10/11.2.10_rev356"/>
    <property name="ngmm-11.2.10-ngsdir" value="${ngmm-11.2.10-proddir}/ngs"/>

    <target name="ngmm-prsn-verify" depends="ngmm-prsn-get-props,ngmm-prsn-verify-config,ngmm-prsn-verify-db,ngmm-prsn-verify-reports" description="[install] Install Verify for NGMM-Person (BETA)">
        <echotime msg="Installing MM Verify (BETA)"/>

        <copy todir="${ngsdestdir}/etc/nextgate/mm/verify" overwrite="true">
            <fileset dir="${ngmm-11.2.10-ngsdir}/etc/nextgate/mm/verify" includes="*.*" />
        </copy>

        <ngsexec command="bundle:install -s mvn:com.nextgate.mm.verify/verify-api/11.2.10.356"/>
        <ngsexec command="bundle:install -s mvn:com.nextgate.mm.verify/verify-ui/11.2.10.356/war"/>
    </target>

    <target name="ngmm-prsn-verify-config" depends="ngmm-prsn-get-props" description="[install] Copy Verify configuration for NGMM-Person (BETA)">
        <copy todir="${ngsdestdir}/etc/nextgate/mm/verify" overwrite="true">
            <fileset dir="${ngmm-11.2.10-proddir}/ngs/etc/nextgate/mm/verify"/>
        </copy>
    </target>

    <target name="ngmm-prsn-verify-db" depends="ngmm-prsn-get-props" description="[install] Add/Update Verify tables for NGMM-Person (BETA)">
        <echotime msg="Adding/Updating Person Verify tables (BETA)" />
        <ngdbsync base="ngmm-prsn" target-name="verifytables" src="${ngs-11.2.10-proddir}/setup/db/verify-db-schema.xml"
                  datatablespace="${ngs-common-db_tablespace_data}" indextablespace="${ngs-common-db_tablespace_index}" blobtablespace="${ngs-common-db_tablespace_blob}"/>
    </target>

    <target name="ngmm-prsn-verify-db-drop" depends="ngmm-prsn-get-props" description="[install] Drop Verify tables for NGMM-Person (BETA)">
        <echotime msg="Dropping Person Verify tables (BETA)"/>
        <ngdbdrop base="ngmm-prsn" target-name="verifytables" src="${ngs-11.2.10-proddir}/setup/db/verify-db-schema.xml" />
    </target>

    <target name="ngmm-prsn-verify-reports" depends="ngmm-prsn-get-props" description="[install] Moving Verify reports (BETA)">
        <copy todir="${ngsdestdir}/etc/nextgate/reporter/reports" overwrite="false" failonerror="false">
            <fileset dir="${ngmm-11.2.10-ngsdir}/common/etc/nextgate/reporter/reports/person">
                <include name="**/Verify*.jrxml"/>
            </fileset>
        </copy>
    </target>
</project>