<?xml version="1.0" encoding="ISO-8859-1"?>
<!--
    Copyright (c) 2018, NextGate Solutions All Rights Reserved.

    This program, and all the NextGate Solutions authored routines referenced herein,
    are the proprietary properties and trade secrets of NextGate Solutions.

    Except as provided for by license agreement, this program shall not be duplicated,
    used, reversed engineered, decompiled, disclosed, shared, transferred, placed in a
    publicly available location (such as but not limited to ftp sites, bit torrents,
    shared drives, peer to peer networks, and such) without  written consent signed by
    an officer of NextGate Solutions.

    DISCLAIMER:

    This software is provided as is without warranty of any kind. The entire risk as to
    the results and performance of this software is assumed by the licensee and/or its
    affiliates and/or assignees. NextGate Solutions disclaims all warranties, either
    expressed or implied, including but not limited to the implied warranties of
    merchantability, fitness for a particular purpose, title and non-infringement, with
    respect to this software.

    - version control -
    $Id$
-->

<!--
    ========== MATCHMETRIX DATA ANALYZER ==========

    The following file is an ant-based script containing targets that
    comprise the MatchMetrix Data Analyzer, Bulk Loader, and Analytics
    Engine.

-->
<project basedir="." default="mmdefault" name="MatchMetrix Analyzer">

    <!--
        ===== IMPORTS =====
    -->

    <import file="auto-test.xml" optional="true"/>

    <!--
        ===== ALIASES =====
    -->

    <!-- Run JUST the file-based analysis process -->
    <target name="process" depends="format, stand, block, match, construct-sbr"/>

    <target name="process-using-pipeline" depends="format-using-pipeline, stand, block, match, construct-sbr"/>

    <!-- Run JUST the bulk load process. Must have completed construct-sbr prior to execution -->
    <target name="bulk-load" depends="initial-load, load-comparisons, load-potdup-groups, finalize-db, load-potdup-groups-attributes, set-potdup-indicators, set-euid-sequence, load-issues"/>

    <!-- Run JUST the bulk load process, but using a single thread. Must have complete construct-sbr prior to execution -->
    <target name="load-single-thread" depends="initial-load-single-thread, load-comparisons, load-potdup-groups, finalize-db, load-potdup-groups-attributes, set-potdup-indicators, set-euid-sequence, load-issues"/>

    <!-- Start from raw extract files and finish with a loaded database -->
    <target name="load" depends="process, bulk-load" description="[ngcmd] Loads sample data into the Registry and finalizes the database." />

    <target name="load-using-pipeline" depends="process-using-pipeline, bulk-load" description="[ngcmd] Loads data (using Pipeline Mapper) into the Registry and finalizes the database." />

        <!-- Create the frequency reports starting from raw extract files -->
    <target name="frequency" depends="format, stand, validation-report, profile"/>

    <!-- Pick up after running the frequency reports and complete the rest of the analysis process -->
    <target name="after-frequency" depends="block, match, construct-sbr"/>

    <!-- Run all reports, assuming construct-sbr has successfully finished -->
    <target name="reports" depends="run-analytics, validation-report, analysis-summary, configuration-reference, profile, match-analysis-csv, match-analysis"/>

    <!-- Run all match reports, without field-analysis, assuming construct-sbr has successfully finished -->
    <target name="match-reports" depends="run-analytics, match-analysis-csv, match-analysis"/>

    <!-- Run all processing from raw extract files and then run all reports -->
    <target name="analysis" depends="process, reports"/>

    <target name="analysis-using-pipeline" depends="process-using-pipeline, reports"/>

    <!-- Run all processing and then run a load using a single thread for the load -->
    <target name="process-load-single-thread" depends="process, load-single-thread"/>

    <target name="profile" depends="profile-load,profile-exec"/>


    <!--
        ===== DATA MAPPER/ANALYZER =====
    -->

    <!-- Target used to format the input file into something readable by 'stand' target. -->

    <target name="format" depends="-init,-set-sort-executable,generate-objects">

        <mkdir dir="${absolute.working.dir}/analyzer"/>
        <delete file="${absolute.working.dir}/analyzer/master.txt"/>
        <delete file="${absolute.working.dir}/analyzer/master.bad.txt"/>

        <ng.java className="com.nextgate.mm.analyzer.FileFormatter">
            <args>
                <arg value="--tenant"/>
                <arg value="${tenant}"/>
                <arg value="--project"/>
                <arg value="${project}"/>
                <arg value="${project.properties}"/>
                <arg value="${absolute.project.dir}"/>
                <arg value="${absolute.working.dir}/analyzer"/>
                <arg value="${ngs.archives.folder}/backups/db-exports"/>
                <arg value="master.txt"/>
                <arg value="format-stats.json"/>
                <arg value="exported-linked-lids.txt"/>
            </args>
        </ng.java>
    </target>

    <target name="format-using-pipeline" depends="-init,-set-sort-executable,generate-objects">

        <mkdir dir="${absolute.working.dir}/analyzer"/>
        <delete file="${absolute.working.dir}/analyzer/master.txt"/>
        <delete file="${absolute.working.dir}/analyzer/master.bad.txt"/>

        <map-analyzer-batch tenant="${tenant}" mmProject="${project}" initOutputFile="true" configRootFolder="${absolute.project.dir}/config/pipelinemaps"
            outputFilename="${absolute.working.dir}/analyzer/master.txt" outputErrorFilename="${absolute.working.dir}/analyzer/master.bad.txt"/>
    </target>

    <target name="incremental-format" depends="-init,-set-sort-executable,generate-objects">

        <mkdir dir="${absolute.working.dir}/analyzer"/>
        <delete file="${absolute.working.dir}/analyzer/master.txt"/>
        <delete file="${absolute.working.dir}/analyzer/master.bad.txt"/>

        <ng.java className="com.nextgate.mm.analyzer.FileFormatter">
            <args>
                <arg value="--tenant"/>
                <arg value="${tenant}"/>
                <arg value="--project"/>
                <arg value="${project}"/>
                <arg value="${project.properties}"/>
                <arg value="${absolute.project.dir}"/>
                <arg value="${absolute.working.dir}/analyzer"/>
                <arg value="${ngs.archives.folder}/backups/db-exports"/>
                <arg value="master.txt"/>
                <arg value="format-stats.json"/>
                <arg value="exported-linked-lids.txt"/>
                <arg value="Incremental"/>
            </args>
        </ng.java>
    </target>

    <target name="stand" depends="-init,-set-sort-executable">

        <ngsort
            checkOsSort="${checkForOsSort}"
            workFolder="${absolute.working.dir}/analyzer/tmp"
            inputFile="${absolute.working.dir}/analyzer/master.txt"
            outputFile="${absolute.working.dir}/analyzer/master.txt"
            fieldDelimiter="|">

            <sortField column="4"/>
            <sortField column="5"/>
        </ngsort>

        <ng.java className="com.nextgate.mm.analyzer.FileStandardizer">
            <args>
                <arg value="--tenant"/>
                <arg value="${tenant}"/>
                <arg value="--project"/>
                <arg value="${project}"/>
                <arg value="${project.properties}"/>
                <arg value="${absolute.working.dir}/analyzer"/>
                <arg value="stand-stats.json"/>
                <arg value="${ngs.archives.folder}/backups/db-exports"/>
                <arg value="exported-linked-lids.txt"/>
                <arg value="exported-linked-records.txt"/>
            </args>
        </ng.java>
    </target>

    <target name="incremental-stand" depends="-init,-set-sort-executable">

        <ngsort
            checkOsSort="${checkForOsSort}"
            workFolder="${absolute.working.dir}/analyzer/tmp"
            inputFile="${absolute.working.dir}/analyzer/master.txt"
            outputFile="${absolute.working.dir}/analyzer/master.txt"
            fieldDelimiter="|">

            <sortField column="4"/>
            <sortField column="5"/>
        </ngsort>

        <ng.java className="com.nextgate.mm.analyzer.FileStandardizer">
            <args>
                <arg value="--tenant"/>
                <arg value="${tenant}"/>
                <arg value="--project"/>
                <arg value="${project}"/>
                <arg value="${project.properties}"/>
                <arg value="${absolute.working.dir}/analyzer"/>
                <arg value="stand-stats.json"/>
                <arg value="${ngs.archives.folder}/backups/db-exports"/>
                <arg value="exported-linked-lids.txt"/>
                <arg value="exported-linked-records.txt"/>
                <arg value="Incremental"/>
            </args>
        </ng.java>
    </target>

    <target name="confirm-exported-linkages" depends="-init,-set-sort-executable, format, stand">

        <ng.java className="com.nextgate.mm.analyzer.ConfirmLinkages">
            <args>
                <arg value="--tenant"/>
                <arg value="${tenant}"/>
                <arg value="--project"/>
                <arg value="${project}"/>
                <arg value="${project.properties}"/>
                <arg value="${absolute.working.dir}/analyzer/exported-linked-records.txt"/>
                <arg value="${absolute.working.dir}/analyzer"/>
                <arg value="suspicious-linkages.txt"/>
            </args>
        </ng.java>
    </target>

    <target name="convert-sbr-export-to-analyzer" depends="-init">

        <mkdir dir="${absolute.working.dir}/analyzer/tmp"/>

        <ng.java className="com.nextgate.mm.analyzer.tools.FileExtractToAnalyzerStruct">
            <args>
                <arg value="--tenant"/>
                <arg value="${tenant}"/>
                <arg value="--project"/>
                <arg value="${project}"/>
                <arg value="${project.properties}"/>
                <arg value="${absolute.working.dir}/analyzer/master.txt"/>
                <arg value="${absolute.working.dir}/analyzer"/>
                <arg value="true"/>
            </args>
        </ng.java>
    </target>

    <target name="convert-so-export-to-analyzer" depends="-init">

        <mkdir dir="${absolute.working.dir}/analyzer/tmp"/>

        <ng.java className="com.nextgate.mm.analyzer.tools.FileExtractToAnalyzerStruct">
            <args>
                <arg value="--tenant"/>
                <arg value="${tenant}"/>
                <arg value="--project"/>
                <arg value="${project}"/>
                <arg value="${project.properties}"/>
                <arg value="${absolute.working.dir}/analyzer/master.txt"/>
                <arg value="${absolute.working.dir}/analyzer"/>
                <arg value="false"/>
            </args>
        </ng.java>
    </target>

    <target name="block" depends="-init">
        <if>
            <equals arg1="${incremental.load}" arg2="true" />
            <then>
                 <antcall target="block-incremental" inheritAll="true" inheritRefs="true" />
            </then>
            <else>
                 <antcall target="block-initial" inheritAll="true" inheritRefs="true" />
            </else>
        </if>
    </target>

    <target name="block-initial" depends="-init,-set-sort-executable">

        <ngsort
            checkOsSort="${checkForOsSort}"
            workFolder="${absolute.working.dir}/analyzer/tmp"
            inputFile="${absolute.working.dir}/analyzer/master.stand.txt"
            outputFile="${absolute.working.dir}/analyzer/master.stand.txt"
            fieldDelimiter="|"
            numericSort="true">

            <sortField column="1"/>
        </ngsort>

        <ng.java className="com.nextgate.mm.analyzer.FileBlocker">
            <args>
                <arg value="--tenant"/>
                <arg value="${tenant}"/>
                <arg value="--project"/>
                <arg value="${project}"/>
                <arg value="${project.properties}"/>
                <arg value="${absolute.working.dir}/analyzer"/>
                <arg value="master.stand.txt"/>
                <arg value="resolved-records.txt"/>
            </args>
        </ng.java>
    </target>

    <target name="profile-load" depends="-init,-set-sort-executable">

        <ngsort
            checkOsSort="${checkForOsSort}"
            workFolder="${absolute.working.dir}/analyzer/tmp"
            inputFile="${absolute.working.dir}/analyzer/master.stand.txt"
            outputFile="${absolute.working.dir}/analyzer/master.stand.txt"
            fieldDelimiter="|">

            <sortField column="4"/>
            <sortField column="5"/>
        </ngsort>

        <delete dir="${absolute.working.dir}/analyzer/index/frequency"/>
        <mkdir dir="${absolute.report.dir}/field-analysis/csv"/>
        <mkdir dir="${absolute.report.dir}/field-analysis/pdf"/>
        <ng.java className="com.nextgate.mm.analyzer.frequency.TermIndexGenerator">
            <args>
                <arg value="--tenant"/>
                <arg value="${tenant}"/>
                <arg value="--project"/>
                <arg value="${project}"/>
                <arg value="${project.properties}"/>
                <arg value="${absolute.working.dir}/analyzer/master.stand.txt"/>
                <arg value="${absolute.working.dir}/analyzer"/>
            </args>
        </ng.java>
        <ng.java className="com.nextgate.mm.analyzer.frequency.TermIndexMerger">
            <args>
                <arg value="${absolute.working.dir}/analyzer/index/frequency"/>
                <arg value="all"/>
            </args>
        </ng.java>
    </target>

    <target name="recalculate-match-from-listfile" depends="-init,generate-objects">
        <ng.java className="com.nextgate.mm.analyzer.tools.RecalculateMatchUtil">
            <args>
                <arg value="--tenant"/>
                <arg value="${tenant}"/>
                <arg value="--project"/>
                <arg value="${project}"/>
                <arg value="--delayms"/>
                <arg value="500"/>
                <arg value="${project.properties}"/>
                <arg value="${absolute.working.dir}/analyzer/recalc_euid.lst"/>
            </args>
        </ng.java>
    </target>

    <target name="profile-exec" depends="-init">
        <ng.java className="com.nextgate.mm.analyzer.report.JasperCompiler">
            <args>
                <arg value="${absolute.working.dir}/analyzer"/>
                <arg value="${basedir}/analyzer/resources/jasper/pattern-analysis-master.jrxml"/>
                <arg value="${basedir}/analyzer/resources/jasper/field-null-percent.jrxml"/>
                <arg value="${basedir}/analyzer/resources/jasper/pattern-analysis.jrxml"/>
            </args>
        </ng.java>
        <ng.java className="com.nextgate.mm.analyzer.frequency.TermIndexAnalyzer">
            <args>
                <arg value="--tenant"/>
                <arg value="${tenant}"/>
                <arg value="--project"/>
                <arg value="${project}"/>
                <arg value="${project.properties}"/>
                <arg value="${absolute.working.dir}"/>
                <arg value="${absolute.report.dir}/field-analysis"/>
                <arg value="pattern-analysis-master.jasper"/>
            </args>
        </ng.java>
    </target>

    <target name="profile-sbr" depends="-init">
        <mkdir dir="${absolute.report.dir}"/>
        <ng.java className="com.nextgate.mm.analyzer.frequency.TermIndexGeneratorSBR">
            <args>
                <arg value="--tenant"/>
                <arg value="${tenant}"/>
                <arg value="--project"/>
                <arg value="${project}"/>
                <arg value="${project.properties}"/>
                <arg value="${absolute.working.dir}/analyzer/sbr.csv"/>
                <arg value="${absolute.working.dir}/analyzer"/>
            </args>
        </ng.java>
        <ng.java className="com.nextgate.mm.analyzer.frequency.TermIndexAnalyzer">
            <args>
                <arg value="--tenant"/>
                <arg value="${tenant}"/>
                <arg value="--project"/>
                <arg value="${project}"/>
                <arg value="${project.properties}"/>
                <arg value="${basedir}/analyzer/resources/jasper/pattern-analysis-master.jrxml"/>
                <arg value="${absolute.working.dir}"/>
                <arg value="${absolute.report.dir}/field-analysis"/>
            </args>
        </ng.java>
    </target>

    <target name="validation-report" depends="-init">
        <mkdir dir="${absolute.report.dir}"/>
        <mkdir dir="${absolute.working.dir}/analyzer"/>
        <ng.java className="com.nextgate.mm.analyzer.report.JasperCompiler">
            <args>
                <arg value="${absolute.working.dir}/analyzer"/>
                <arg value="${basedir}/analyzer/resources/jasper/validation-report.jrxml"/>
                <arg value="${basedir}/analyzer/resources/jasper/validation-report-counts-map.jrxml"/>
                <arg value="${basedir}/analyzer/resources/jasper/validation-report-counts-codes.jrxml"/>
                <arg value="${basedir}/analyzer/resources/jasper/validation-report-counts-sys-field-errors.jrxml"/>
            </args>
        </ng.java>
        <ng.java className="com.nextgate.mm.analyzer.analytics.jasper.ValidationReportRunner">
            <args>
                <arg value="${project.properties}"/>
                <arg value="${absolute.working.dir}/analyzer"/>
                <arg value="validation-report"/>
                <arg value="${absolute.report.dir}"/>
                <arg value="${absolute.working.dir}/analyzer/format-stats.json"/>
                <arg value="${absolute.working.dir}/analyzer/stand-stats.json"/>
            </args>
        </ng.java>
    </target>

    <!--
        ===== MATCHER =====
    -->

    <!-- Construct the SBR image -->

    <target name="construct-sbr" depends="-init,construct-sbr-sort, construct-sbr-run, construct-sbr-cleanup"/>

    <target name="match" depends="-init">
        <antcall target="construct-match-list" inheritAll="true" inheritRefs="true" />
        <antcall target="dedup-match-list" inheritAll="true" inheritRefs="true" />
        <if>
            <equals arg1="${incremental.load}" arg2="true" />
            <then>
                 <antcall target="match-incremental" inheritAll="true" inheritRefs="true" />
            </then>
            <else>
                 <antcall target="match-initial" inheritAll="true" inheritRefs="true" />
            </else>
        </if>
    </target>

    <target name="match-initial" depends="match-exec,link"/>

    <target name="match-exec" depends="-init">
        <ng.java className="com.nextgate.mm.analyzer.FileMatcher">
            <args>
                <arg value="--tenant"/>
                <arg value="${tenant}"/>
                <arg value="--project"/>
                <arg value="${project}"/>
                <arg value="${project.properties}"/>
                <arg value="${absolute.working.dir}/analyzer"/>
            </args>
        </ng.java>
    </target>

    <target name="construct-match-list" depends="-init">
        <ng.java className="com.nextgate.mm.analyzer.ConstructMatchList">
            <args>
                <arg value="--tenant"/>
                <arg value="${tenant}"/>
                <arg value="--project"/>
                <arg value="${project}"/>
                <arg value="${project.properties}"/>
                <arg value="${absolute.working.dir}/analyzer"/>
            </args>
        </ng.java>
    </target>

    <target name="dedup-match-list" depends="-init">
        <ng.java className="com.nextgate.mm.analyzer.DedupMatchList">
            <args>
                <arg value="${project.properties}"/>
                <arg value="${absolute.working.dir}/analyzer"/>
            </args>
        </ng.java>
    </target>

    <target name="link" depends="-init">
        <ng.java className="com.nextgate.mm.analyzer.FileLinker">
            <args>
                <arg value="--tenant"/>
                <arg value="${tenant}"/>
                <arg value="--project"/>
                <arg value="${project}"/>
                <arg value="${project.properties}"/>
                <arg value="${absolute.working.dir}/analyzer"/>
                <arg value="${absolute.report.dir}"/>
            </args>
        </ng.java>
    </target>
	
	<target name="load-potdup-groups" depends="-init">
        <ng.java className="com.nextgate.mm.analyzer.load.group.GroupGeneratorDBImpl">
            <args>
                <arg value="--tenant"/>
                <arg value="${tenant}"/>
                <arg value="--project"/>
                <arg value="${project}"/>
                <arg value="${project.properties}"/>
                <!-- used to indicate whether this is loading the base groups only or if it is loading the bulk attributes -->
                <arg value="true" />
            </args>
        </ng.java>
    </target>

    <target name="load-potdup-groups-attributes" depends="-init">
        <ng.java className="com.nextgate.mm.analyzer.load.group.GroupGeneratorDBImpl">
            <args>
                <arg value="--tenant"/>
                <arg value="${tenant}"/>
                <arg value="--project"/>
                <arg value="${project}"/>
                <arg value="${project.properties}"/>
                <!-- used to indicate whether this is loading the base groups only or if it is loading the bulk attributes -->
                <arg value="false" />
            </args>
        </ng.java>
    </target>

    <target name="set-potdup-indicators" depends="-init" description="[ngcmd] Populates pot-dup indicator columns">
        <echo message="Executing pot-dup indicator population script"/>
        <mexec-sql input.file="${basedir}/upgrade/db/${db.type}/truncate-indicators.sql" output.file.name="${absolute.working.dir}/sql/truncate-indicators.out" delimiter="/"/>
        <mexec-sql input.file="${basedir}/upgrade/db/${db.type}/set-samesystem-indicators.sql" output.file.name="${absolute.working.dir}/sql/set-samesystem-indicators.out" delimiter="/"/>
        <mexec-sql input.file="${basedir}/upgrade/db/${db.type}/set-crosssystem-indicators.sql" output.file.name="${absolute.working.dir}/sql/set-crosssystem-indicators.out" delimiter="/"/>
    </target>

    <target name="construct-sbr-sort" depends="-init,-set-sort-executable">

        <ngsort
            checkOsSort="${checkForOsSort}"
            workFolder="${absolute.working.dir}/analyzer/tmp"
            inputFile="${absolute.working.dir}/analyzer/master.pass1.txt"
            outputFile="${absolute.working.dir}/analyzer/master.pass1.txt"
            fieldDelimiter="|">

            <sortField column="2"/>
            <sortField column="3"/>
        </ngsort>

        <delete dir="${absolute.working.dir}/analyzer/tmp"/>
    </target>

    <target name="construct-sbr-run" depends="-init">
        <ng.java className="com.nextgate.mm.analyzer.FileSBRGenerator">
            <args>
                <arg value="--tenant"/>
                <arg value="${tenant}"/>
                <arg value="--project"/>
                <arg value="${project}"/>
                <arg value="${project.properties}"/>
                <arg value="${absolute.working.dir}/analyzer"/>
            </args>
        </ng.java>
    </target>

    <target name="construct-sbr-cleanup" depends="-init,-set-sort-executable">
        <delete>
            <fileset dir="${absolute.working.dir}">
                <include name="master.clean.frmt.stand.final.euidsort"/>
            </fileset>
        </delete>

        <ngsort
            checkOsSort="${checkForOsSort}"
            workFolder="${absolute.working.dir}/analyzer/tmp"
            inputFile="${absolute.working.dir}/analyzer/master.pass2.txt"
            outputFile="${absolute.working.dir}/analyzer/master.pass2.txt"
            fieldDelimiter="|">

            <sortField column="1"/>
        </ngsort>
    </target>

    <!--
        ===== LOADERS =====
    -->

    <!-- SIMPLE INCREMENTAL LOADER -->

    <target name="incremental-load" depends="-confirm-db-touch, -init">
        <ng.java className="com.nextgate.mm.analyzer.load.IncrementalLoader">
            <args>
                <arg value="--tenant"/>
                <arg value="${tenant}"/>
                <arg value="--project"/>
                <arg value="${project}"/>
                <arg value="${project.properties}"/>
                <arg value="${absolute.working.dir}/analyzer"/>
                <arg value="master.stand.txt"/>
            </args>
        </ng.java>
    </target>

    <target name="incremental-load-update" depends="-confirm-db-touch, -init">
        <ng.java className="com.nextgate.mm.analyzer.load.IncrementalLoader">
            <args>
                <arg value="--tenant"/>
                <arg value="${tenant}"/>
                <arg value="--project"/>
                <arg value="${project}"/>
                <arg value="${project.properties}"/>
                <arg value="${absolute.working.dir}/analyzer"/>
                <arg value="master.stand.update.txt"/>
            </args>
        </ng.java>
    </target>

    <target name="incremental-load-no-match" depends="-confirm-db-touch, -init">
        <ng.java className="com.nextgate.mm.analyzer.load.IncrementalLoaderNoMatch">
            <args>
                <arg value="--tenant"/>
                <arg value="${tenant}"/>
                <arg value="--project"/>
                <arg value="${project}"/>
                <arg value="${project.properties}"/>
                <arg value="${absolute.working.dir}/analyzer/master.stand.txt"/>
            </args>
        </ng.java>
    </target>

    <target name="incremental-load-no-stand" depends="-confirm-db-touch, -init">
        <ng.java className="com.nextgate.mm.analyzer.load.IncrementalLoader">
            <args>
                <arg value="--tenant"/>
                <arg value="${tenant}"/>
                <arg value="--project"/>
                <arg value="${project}"/>
                <arg value="${project.properties}"/>
                <arg value="${absolute.working.dir}/analyzer"/>
                <arg value="master.txt"/>
            </args>
        </ng.java>
    </target>

    <target name="do-incremental-load-job" depends="incremental-format,incremental-stand,incremental-load"/>
    <target name="do-incremental-load-no-stand-job" depends="incremental-format,incremental-load-no-stand"/>

    <!-- INITIAL LOADER -->

    <target name="initial-load" depends="-confirm-db-touch, -init">
        <ng.java className="com.nextgate.mm.analyzer.load.FileLoader">
            <args>
                <arg value="--tenant"/>
                <arg value="${tenant}"/>
                <arg value="--project"/>
                <arg value="${project}"/>
                <arg value="${project.properties}"/>
                <arg value="${absolute.working.dir}/analyzer"/>
                <arg value="master.pass2.txt"/>
                <arg value="${initial.load.commit.interval}"/>
                <arg value="${initial.load.thread.count}"/>
            </args>
        </ng.java>
    </target>

    <target name="initial-load-no-match" depends="-confirm-db-touch, -init">
        <ng.java className="com.nextgate.mm.analyzer.load.FileLoader">
            <args>
                <arg value="--tenant"/>
                <arg value="${tenant}"/>
                <arg value="--project"/>
                <arg value="${project}"/>
                <arg value="${project.properties}"/>
                <arg value="${absolute.working.dir}/analyzer"/>
                <arg value="master.stand.txt"/>
                <arg value="${initial.load.commit.interval}"/>
                <arg value="${initial.load.thread.count}"/>
            </args>
        </ng.java>
    </target>

    <target name="initial-load-single-thread" depends="-confirm-db-touch, -init">
        <ng.java className="com.nextgate.mm.analyzer.load.FileLoader">
            <args>
                <arg value="--tenant"/>
                <arg value="${tenant}"/>
                <arg value="--project"/>
                <arg value="${project}"/>
                <arg value="${project.properties}"/>
                <arg value="${absolute.working.dir}/analyzer"/>
                <arg value="master.pass2.txt"/>
                <arg value="${initial.load.commit.interval}"/>
                <arg value="1"/>
            </args>
        </ng.java>
    </target>

    <target name="load-comparisons" depends="-confirm-db-touch, -init">
        <ng.java className="com.nextgate.mm.analyzer.load.ComparisonLoader">
            <args>
                <arg value="--tenant"/>
                <arg value="${tenant}"/>
                <arg value="--project"/>
                <arg value="${project}"/>
                <arg value="${project.properties}"/>
                <arg value="${absolute.working.dir}/analyzer"/>
            </args>
        </ng.java>
    </target>

    <target name="reload-comparisons" depends="-confirm-db-touch, -init" description="[analyzer] Clear comparison tables and reload from comparison file.">
        <ng.java className="com.nextgate.mm.analyzer.load.ComparisonLoader">
            <args>
                <arg value="--tenant"/>
                <arg value="${tenant}"/>
                <arg value="--project"/>
                <arg value="${project}"/>
                <arg value="${project.properties}"/>
                <arg value="${absolute.working.dir}/analyzer"/>
                <arg value="true"/>
            </args>
        </ng.java>
    </target>

    <target name="load-issues" depends="-init" description="[ngcmd] Initial load all enabled issues">
        <ng.java className="com.nextgate.mm.analyzer.upgrade.UpgradeIssues">
            <args>
                <arg value="--tenant"/>
                <arg value="${tenant}"/>
                <arg value="--project"/>
                <arg value="${project}"/>
                <arg value="${project.properties}"/>
                <arg value="true"/>
            </args>
        </ng.java>
    </target>

    <!-- LOAD SBR EXPORT AS SYSTEM RECORDS -->

    <!-- Run export-sbr on the source MM instance to generate the sbr.csv file -->

    <target name="import-sbr-as-so" depends="-confirm-db-touch, -init">
        <ng.java className="com.nextgate.mm.analyzer.tools.ImportSBRExportAsSO">
            <args>
                <arg value="${project.properties}"/>
                <arg value="${absolute.working.dir}/analyzer/sbr.csv"/>
            </args>
        </ng.java>
    </target>

    <!-- INCREMENTAL BULK LOADER -->
    <target name="match-incremental" depends="-init,match-exec,link,export-so,append-so-export"/>

    <target name="block-incremental" depends="-init,construct-candidate-records,unique-candidate-keys,extract-candidate-keys,unique-candidate-key-euids,extract-candidate-records,sort-candidate-records,sort-extracted-candidate-keys,concatenate-and-sort-candidate-keys,block-candidate-records"/>

    <target name="incremental-load-new" depends="-confirm-db-touch, -init">
        <ng.java className="com.nextgate.mm.analyzer.load.bulkloader.FileIncrementalBulkLoader">
            <args>
                <arg value="--tenant"/>
                <arg value="${tenant}"/>
                <arg value="--project"/>
                <arg value="${project}"/>
                <arg value="${basedir}/${project.properties}"/>
                <arg value="${absolute.working.dir}/analyzer"/>
                <arg value="master.pass2.txt"/>
            </args>
        </ng.java>
    </target>

    <target name="allocate-euids" depends="-init">
        <ng.java className="com.nextgate.mm.analyzer.load.bulkloader.EUIDBulkAllocator">
            <args>
                <arg value="--tenant"/>
                <arg value="${tenant}"/>
                <arg value="--project"/>
                <arg value="${project}"/>
                <arg value="${project.properties}"/>
                <arg value="${absolute.working.dir}/analyzer"/>
            </args>
        </ng.java>
    </target>

    <target name="append-so-export" depends="-init,export-so,append-so-export-exec"/>

    <target depends="-init" name="append-so-export-exec">
        <ng.java className="com.nextgate.mm.analyzer.load.bulkloader.SOExportAppender">
            <args>
                <arg value="--tenant"/>
                <arg value="${tenant}"/>
                <arg value="--project"/>
                <arg value="${project}"/>
                <arg value="${project.properties}"/>
                <arg value="${absolute.working.dir}/analyzer"/>
                <arg value="master.pass1.txt"/>
                <arg value="so.csv"/>
            </args>
        </ng.java>
    </target>

    <target name="extract-candidate-keys" depends="-init">
        <ng.java className="com.nextgate.mm.analyzer.load.bulkloader.CandidateKeyExtractor">
            <args>
                <arg value="--tenant"/>
                <arg value="${tenant}"/>
                <arg value="--project"/>
                <arg value="${project}"/>
                <arg value="${project.properties}"/>
                <arg value="${absolute.working.dir}/analyzer"/>
            </args>
        </ng.java>
    </target>

    <target name="sort-extracted-candidate-keys" depends="-init,-set-sort-executable">

        <ngsort
            checkOsSort="${checkForOsSort}"
            workFolder="${absolute.working.dir}/analyzer/tmp"
            inputFile="${absolute.working.dir}/analyzer/extracted-candidate-keys.txt"
            outputFile="${absolute.working.dir}/analyzer/extracted-candidate-keys.txt"
            fieldDelimiter="|">

            <sortField column="1"/>
        </ngsort>
    </target>

    <target name="sort-extracted-candidate-keys-by-euids" depends="-init,-set-sort-executable">

        <ngsort
            checkOsSort="${checkForOsSort}"
            workFolder="${absolute.working.dir}/analyzer/tmp"
            inputFile="${absolute.working.dir}/analyzer/filtered-extracted-candidate-keys.txt"
            outputFile="${absolute.working.dir}/analyzer/filtered-extracted-candidate-keys.txt">
        </ngsort>
    </target>

    <target name="sort-candidate-keys" depends="-init,-set-sort-executable">

        <ngsort
            checkOsSort="${checkForOsSort}"
            workFolder="${absolute.working.dir}/analyzer/tmp"
            inputFile="${absolute.working.dir}/analyzer/candidate-keys.txt"
            outputFile="${absolute.working.dir}/analyzer/candidate-keys.txt"
            fieldDelimiter="|">

            <sortField column="2"/>
        </ngsort>
    </target>

    <target name="unique-candidate-keys" depends="-init,-set-sort-executable">

        <ngsort
            checkOsSort="${checkForOsSort}"
            workFolder="${absolute.working.dir}/analyzer/tmp"
            inputFile="${absolute.working.dir}/analyzer/candidate-nkeys.txt"
            outputFile="${absolute.working.dir}/analyzer/unique-candidate-skeys.txt"
            fieldDelimiter="|"
            distinctSort="true">

            <sortField column="2"/>
        </ngsort>

        <ngsort
            checkOsSort="${checkForOsSort}"
            workFolder="${absolute.working.dir}/analyzer/tmp"
            inputFile="${absolute.working.dir}/analyzer/candidate-skeys.txt"
            outputFile="${absolute.working.dir}/analyzer/unique-candidate-skeys.txt"
            fieldDelimiter="|"
            distinctSort="true">

            <sortField column="2"/>
        </ngsort>
    </target>

    <target name="unique-candidate-key-euids" depends="-init,-set-sort-executable">

        <ngsort
            checkOsSort="${checkForOsSort}"
            workFolder="${absolute.working.dir}/analyzer/tmp"
            inputFile="${absolute.working.dir}/analyzer/extracted-candidate-keys.txt"
            outputFile="${absolute.working.dir}/analyzer/unique-candidate-euids.txt"
            fieldDelimiter="|"
            distinctSort="true">

            <sortField column="1"/>
        </ngsort>
    </target>

    <target name="sort-candidate-keys-by-euids" depends="-init,-set-sort-executable">

        <ngsort
            checkOsSort="${checkForOsSort}"
            workFolder="${absolute.working.dir}/analyzer/tmp"
            inputFile="${absolute.working.dir}/analyzer/candidate-keys.txt"
            outputFile="${absolute.working.dir}/analyzer/candidate-keys.txt">
        </ngsort>
    </target>

    <target name="extract-candidate-records" depends="-init">
        <ng.java className="com.nextgate.mm.analyzer.load.bulkloader.CandidateRecordExtractor">
            <args>
                <arg value="--tenant"/>
                <arg value="${tenant}"/>
                <arg value="--project"/>
                <arg value="${project}"/>
                <arg value="${project.properties}"/>
                <arg value="${absolute.working.dir}/analyzer"/>
            </args>
        </ng.java>
    </target>

    <target name="sort-candidate-records" depends="-init,-set-sort-executable">

        <ngsort
            checkOsSort="${checkForOsSort}"
            workFolder="${absolute.working.dir}/analyzer/tmp"
            inputFile="${absolute.working.dir}/analyzer/candidate-records.txt"
            outputFile="${absolute.working.dir}/analyzer/candidate-records.txt"
            numericSort="true">
        </ngsort>
    </target>

    <target name="concatenate-and-sort-candidate-keys" depends="-init,-set-sort-executable">

        <concat destfile="${absolute.working.dir}/analyzer/candidate-keys.txt">
            <filelist dir="${absolute.working.dir}/analyzer" files="candidate-skeys.txt,candidate-nkeys.txt"/>
        </concat>

        <ngsort
            checkOsSort="${checkForOsSort}"
            workFolder="${absolute.working.dir}/analyzer/tmp"
            inputFile="${absolute.working.dir}/analyzer/candidate-keys.txt"
            outputFile="${absolute.working.dir}/analyzer/candidate-keys.txt">
        </ngsort>
    </target>

    <target name="block-candidate-records" depends="-init,-set-sort-executable">
        <ng.java className="com.nextgate.mm.analyzer.load.bulkloader.CandidateRecordBlocker">
            <args>
                <arg value="${project.properties}"/>
                <arg value="${absolute.working.dir}/analyzer"/>
            </args>
        </ng.java>
    </target>

    <target name="construct-candidate-records" depends="-init">
        <ng.java className="com.nextgate.mm.analyzer.load.bulkloader.ConstructCandidateRecords">
            <args>
                <arg value="--tenant"/>
                <arg value="${tenant}"/>
                <arg value="--project"/>
                <arg value="${project}"/>
                <arg value="${project.properties}"/>
                <arg value="${absolute.working.dir}/analyzer"/>
                <arg value="master.stand.txt"/>
            </args>
        </ng.java>
    </target>

    <target name="extract-euids" depends="-init,-set-sort-executable">
        <ng.java className="com.nextgate.mm.analyzer.load.bulkloader.EUIDExtractor">
            <args>
                <arg value="--tenant"/>
                <arg value="${tenant}"/>
                <arg value="--project"/>
                <arg value="${project}"/>
                <arg value="${project.properties}"/>
                <arg value="${absolute.working.dir}/analyzer"/>
            </args>
        </ng.java>

        <ngsort
            checkOsSort="${checkForOsSort}"
            workFolder="${absolute.working.dir}/analyzer/tmp"
            inputFile="${absolute.working.dir}/analyzer/euid.lid.txt"
            outputFile="${absolute.working.dir}/analyzer/euid.lid.txt"
            fieldDelimiter="|">

            <sortField column="1"/>
            <sortField column="2"/>
        </ngsort>
    </target>

    <!-- MESSAGE DIGEST UTILITY -->

    <target name="load-digest-table">
        <ng.java className="com.nextgate.mm.analyzer.tools.MessageDigestUtil">
            <args>
                <arg value="--tenant"/>
                <arg value="${tenant}"/>
                <arg value="--project"/>
                <arg value="${project}"/>
                <arg value="${project.properties}"/>
                <arg value="${absolute.working.dir}/analyzer"/>
                <arg value="load"/>
            </args>
        </ng.java>
    </target>

    <target name="recreate-digest-table" depends="-init,-set-sort-executable">
        <ng.java className="com.nextgate.mm.analyzer.tools.MessageDigestUtil">
            <args>
                <arg value="--tenant"/>
                <arg value="${tenant}"/>
                <arg value="--project"/>
                <arg value="${project}"/>
                <arg value="${project.properties}"/>
                <arg value="${absolute.working.dir}/analyzer"/>
                <arg value="recreate"/>
            </args>
        </ng.java>
    </target>

    <!--
        ===== ANALYTICS ENGINE =====
    -->

    <target name="run-analytics" depends="count-comparisons,count-record-stats,count-match-stats,gen-comparison-charts"/>

    <target name="match-analysis" depends="-init,sort-comparisons">
        <mkdir dir="${absolute.report.dir}/match/comparison"/>
        <mkdir dir="${absolute.working.dir}/analyzer"/>
        <ng.java className="com.nextgate.mm.analyzer.report.JasperCompiler">
            <args>
                <arg value="${absolute.working.dir}/analyzer"/>
                <arg value="${basedir}/analyzer/resources/jasper/assumed-match.jrxml"/>
                <arg value="${basedir}/analyzer/resources/jasper/associated-lids.jrxml"/>
                <arg value="${basedir}/analyzer/resources/jasper/potential-duplicate.jrxml"/>
                <arg value="${basedir}/analyzer/resources/jasper/pairwise-comparison-weights.jrxml"/>
                <arg value="${basedir}/analyzer/resources/jasper/pairwise-comparison-values.jrxml"/>
                <arg value="${basedir}/analyzer/resources/jasper/pairwise-comparison-fpos.jrxml"/>
            </args>
        </ng.java>
        <ng.java className="com.nextgate.mm.analyzer.report.MatchReportRunner">
            <args>
                <arg value="--tenant"/>
                <arg value="${tenant}"/>
                <arg value="--project"/>
                <arg value="${project}"/>
                <arg value="${project.properties}"/>
                <arg value="${absolute.working.dir}/analyzer"/>
                <arg value="${absolute.report.dir}/match/comparison"/>
            </args>
        </ng.java>
    </target>

    <target name="match-analysis-csv" depends="-init,sort-comparisons">
        <mkdir dir="${absolute.report.dir}/match/comparison"/>
        <mkdir dir="${absolute.working.dir}/analyzer"/>
        <ng.java className="com.nextgate.mm.analyzer.analytics.ComparisonReportCSV2">
            <args>
                <arg value="--tenant"/>
                <arg value="${tenant}"/>
                <arg value="--project"/>
                <arg value="${project}"/>
                <arg value="${project.properties}"/>
                <arg value="${absolute.working.dir}/analyzer/master.pass2.comparisons.txt"/>
                <arg value="${absolute.report.dir}/match/comparison/assumed-match.csv"/>
                <arg value="${absolute.report.dir}/match/comparison/potential-duplicate.csv"/>
            </args>
        </ng.java>
    </target>

    <target name="sort-comparisons" depends="-init,-set-sort-executable">

        <ngsort
            checkOsSort="${checkForOsSort}"
            workFolder="${absolute.working.dir}/analyzer/tmp"
            inputFile="${absolute.working.dir}/analyzer/master.pass2.comparisons.txt"
            outputFile="${absolute.working.dir}/analyzer/master.pass2.comparisons.txt"
            fieldDelimiter="|"
            numericSort="true"
            reverseSort="true">

            <sortField column="5"/>
        </ngsort>
    </target>

    <target name="count-comparisons" depends="-init">
        <mkdir dir="${absolute.report.dir}/match/counts"/>
        <ng.java className="com.nextgate.mm.analyzer.analytics.ComparisonCounter">
            <args>
                <arg value="${project.properties}"/>
                <arg value="${absolute.working.dir}/analyzer/master.pass2.comparisons.txt"/>
                <arg value="${absolute.report.dir}/match/counts"/>
            </args>
        </ng.java>
    </target>

    <target name="count-record-stats" depends="-init">
        <mkdir dir="${absolute.report.dir}/match/counts"/>
        <ng.java className="com.nextgate.mm.analyzer.analytics.RecordStatsFactory">
            <args>
                <arg value="--tenant"/>
                <arg value="${tenant}"/>
                <arg value="--project"/>
                <arg value="${project}"/>
                <arg value="${project.properties}"/>
                <arg value="${absolute.working.dir}/analyzer/master.pass2.txt"/>
                <arg value="${absolute.working.dir}/analyzer/master.pass2.comparisons.txt"/>
                <arg value="${absolute.working.dir}/analyzer/record-stats.json"/>
            </args>
        </ng.java>
        <ng.java className="com.nextgate.mm.analyzer.report.RecordStatsCsv">
            <args>
                <arg value="${absolute.working.dir}/analyzer/record-stats.json"/>
                <arg value="${absolute.report.dir}/match/counts/record-counts.csv"/>
            </args>
        </ng.java>
    </target>

    <target name="count-match-stats" depends="-init,-set-sort-executable">

        <mkdir dir="${absolute.report.dir}/match/counts"/>

        <ngsort
            checkOsSort="${checkForOsSort}"
            workFolder="${absolute.working.dir}/analyzer/tmp"
            inputFile="${absolute.working.dir}/analyzer/master.pass2.txt"
            outputFile="${absolute.working.dir}/analyzer/master.pass2.txt"
            fieldDelimiter="|">

            <sortField column="1"/>
            <sortField column="4"/>
        </ngsort>

        <mkdir dir="${absolute.report.dir}"/>
        <ng.java className="com.nextgate.mm.analyzer.analytics.MatchCountStats">
            <args>
                <arg value="${project.properties}"/>
                <arg value="${absolute.working.dir}/analyzer/master.pass2.txt"/>
                <arg value="${absolute.report.dir}/match/counts/match-counts.csv"/>
            </args>
        </ng.java>
    </target>

    <target name="gen-comparison-charts" depends="-init">
        <delete dir="${absolute.report.dir}/match/comparison/comparison-charts"/>
        <mkdir dir="${absolute.report.dir}/match/comparison/comparison-charts"/>
        <ng.java className="com.nextgate.mm.analyzer.analytics.ComparisonCountCharts">
            <args>
                <arg value="${absolute.report.dir}/match/counts/comparison-counts.csv"/>
                <arg value="${absolute.report.dir}/match/comparison/comparison-charts/"/>
				<arg value="${absolute.working.dir}/analyzer/record-stats.json"/>
            </args>
        </ng.java>
    </target>

    <target name="block-analysis" depends="-init">
        <ng.java className="com.nextgate.mm.analyzer.analytics.BlockAnalyzer">
            <args>
                <arg value="${project.properties}"/>
                <arg value="${absolute.working.dir}/analyzer"/>
                <arg value="${absolute.working.dir}/analyzer/block-analysis.txt"/>
            </args>
        </ng.java>
    </target>

    <target name="analysis-summary" depends="-init">
        <ng.java className="com.nextgate.mm.analyzer.report.summary.docx4j.AnalysisSummaryReport">
            <args>
                <arg value="--tenant"/>
                <arg value="${tenant}"/>
                <arg value="--project"/>
                <arg value="${project}"/>
                <arg value="${project.properties}"/>
                <arg value="${basedir}/analyzer/resources/docx/"/>
                <arg value="${absolute.report.dir}/AnalysisExecutiveSummary.docx" />
                <arg value="${absolute.report.dir}/match/comparison/comparison-charts" />
                <arg value="${absolute.working.dir}/analyzer/record-stats.json" />
                <arg value="${absolute.working.dir}/analyzer/format-stats.json" />
                <arg value="${absolute.working.dir}/analyzer/stand-stats.json" />
                <arg value="${absolute.working.dir}/analyzer/load-stats.json" />
                <arg value="${absolute.working.dir}/analyzer/sbr-stats.json" />
            </args>
        </ng.java>
    </target>

    <target name="configuration-reference" depends="-init">
        <ng.java className="com.nextgate.mm.analyzer.report.summary.docx4j.MatchEngineReferenceReport">
            <args>
                <arg value="${project.properties}"/>
                <arg value="${basedir}/analyzer/resources/docx/"/>
                <arg value="${absolute.report.dir}/MatchEngineReference.docx" />
            </args>
        </ng.java>
    </target>

    <!--
        ===== DATA GENERATION =====
    -->

    <target name="generate-data-input">
        <input addproperty="rec.count" message="Number of records to generate: "/>
        <input addproperty="data.locale" defaultvalue="US" message="Locale (US/UK): "/>
        <input addproperty="lid.prefix" defaultvalue="" message="Local Id Prefix (press enter for no prefix): "/>
    </target>

    <target name="generate-data" depends="generate-data-input,-init,generate-objects">
        <mkdir dir="${absolute.working.dir}/analyzer"/>
        <ng.java className="com.nextgate.mm.analyzer.tools.DataGen">
            <args>
                <arg value="${project.properties}"/>
                <arg value="${data.locale}"/>
                <arg value="FIRST_NAME"/>
                <arg value="GivenName"/>
                <arg value="FamilyName"/>
                <arg value="NAME"/>
                <arg value="${basedir}/analyzer/resources/data-gen/First_Names.csv"/>
                <arg value="${basedir}/analyzer/resources/data-gen/Last_Names.csv"/>
                <arg value="${basedir}/analyzer/resources/data-gen/Language.csv"/>
                <arg value="${basedir}/analyzer/resources/data-gen/Race.csv"/>
                <arg value="${basedir}/analyzer/resources/data-gen/AuxId_AuxIdDef.csv"/>
                <arg value="${basedir}/analyzer/resources/data-gen/Contact_Relation.csv"/>
                <arg value="${basedir}/analyzer/resources/data-gen/Contact_Role.csv"/>
                <arg value="${basedir}/analyzer/resources/data-gen/Country_Code.csv"/>
                <arg value="${basedir}/analyzer/resources/data-gen/Death.csv"/>
                <arg value="${basedir}/analyzer/resources/data-gen/Marital_Status.csv"/>
                <arg value="${basedir}/analyzer/resources/data-gen/Suffix.csv"/>
                <arg value="${basedir}/analyzer/resources/data-gen/State.csv"/>
                <arg value="${basedir}/analyzer/resources/data-gen/Middle_Names.csv"/>
                <arg value="${basedir}/analyzer/resources/data-gen/Vip.csv"/>
                <arg value="${basedir}/analyzer/resources/data-gen/Auth_Flag.csv"/>
                <arg value="${basedir}/analyzer/resources/data-gen/Title.csv"/>
                <arg value="${basedir}/analyzer/resources/data-gen/City.csv"/>
                <arg value="${basedir}/analyzer/resources/data-gen/Email.csv"/>
                <arg value="${absolute.working.dir}/analyzer"/>
                <arg value="${rec.count}"/>
                <arg value="${lid.prefix}"/>
            </args>
        </ng.java>
    </target>

    <!-- Sort the generated data by local identifier in order to scramble the record order
        so that the records do not appear in match order -->
    <target name="sort-generated-data" depends="-init">

        <foreach target="sort-generated-file" param="sort.file">

            <fileset dir="${absolute.working.dir}/analyzer">
                <patternset>
                    <include name="**/sample.txt"/>
                    <include name="**/sample_*.txt"/>
                    <exclude name="**/sample_dup_ids.txt"/>
                    <exclude name="**/sample_twin_ids.txt"/>
                    <exclude name="**/*.lidsort.txt"/>
                </patternset>
            </fileset>
        </foreach>

    </target>

    <target name="sort-generated-file">

        <ngsort
            checkOsSort="${checkForOsSort}"
            workFolder="${absolute.working.dir}/analyzer/tmp"
            inputFile="${sort.file}"
            outputFile="${sort.file}.lidsort.txt"
            fieldDelimiter="|">

            <sortField column="2"/>
        </ngsort>
    </target>

    <!-- Validate a set of input files representing assumed and potential matches
         and compare them against a reference file
      -->
    <target name="match-validate" depends="-init,generate-objects">
        <mkdir dir="${absolute.working.dir}/analyzer"/>
        <ng.java className="com.nextgate.mm.analyzer.tools.MatchValidator">
            <args>
                <arg value="${project.properties}"/>
                <arg value="${absolute.working.dir}/analyzer"/>
                <arg value="false"/>
            </args>
        </ng.java>
    </target>

    <!-- Extract the assumed and potential matches from MatchMetrix and compare
         them against a reference file
      -->
    <target name="match-validate-mm" depends="-init,generate-objects">
        <mkdir dir="${absolute.working.dir}/analyzer"/>
        <ng.java className="com.nextgate.mm.analyzer.tools.MatchValidator">
            <args>
                <arg value="${project.properties}"/>
                <arg value="${absolute.working.dir}/analyzer"/>
                <arg value="true"/>
            </args>
        </ng.java>
    </target>


    <target name="generate-training-data" depends="-init" description="[analyzer] Generate simulated match data with decisions for match model training.">
        <mkdir dir="${absolute.working.dir}/ml"/>
        <condition property="towrite" value="100000">
            <not>
                <isset property="towrite"/>
            </not>
        </condition>
        <ng.java className="com.nextgate.mm.analyzer.tools.DecisionSimulator">
            <args>
                <arg value="${project.properties}"/>
                <arg value="${towrite}"/>
            </args>
        </ng.java>
    </target>

    <!--
        ===== COMPUTE WEIGHTS =====
    -->

    <target name="compute-weights" depends="-init">
        <ng.java className="com.nextgate.mm.analyzer.frequency.TermWeightGenerator">
            <args>
                <arg value="--tenant"/>
                <arg value="${tenant}"/>
                <arg value="--project"/>
                <arg value="${project}"/>
                <arg value="${project.properties}"/>
                <arg value="${absolute.working.dir}/analyzer"/>
                <arg value="${absolute.project.dir}"/>
            </args>
        </ng.java>
    </target>

<!--    In development for 11.3.0-->
<!--    <target name="compute-db-weights" depends="-init">-->
<!--        <ng.java className="com.nextgate.mm.analyzer.frequency.TermDBWeightGenerator">-->
<!--            <args>-->
<!--                <arg value="&#45;&#45;tenant"/>-->
<!--                <arg value="${tenant}"/>-->
<!--                <arg value="&#45;&#45;project"/>-->
<!--                <arg value="${project}"/>-->
<!--                <arg value="${project.properties}"/>-->
<!--                <arg value="${absolute.working.dir}/analyzer"/>-->
<!--            </args>-->
<!--        </ng.java>-->
<!--    </target>-->

    <target name="upgrade-equivalences" depends="-init">
        <ng.java className="com.nextgate.mm.analyzer.upgrade.EquivalenceMigrator">
            <args>
                <arg value="--tenant"/>
                <arg value="${tenant}"/>
                <arg value="--project"/>
                <arg value="${project}"/>
                <arg value="${project.properties}"/>
            </args>
        </ng.java>
    </target>

    <!--
        ===== CANDIDATE RECORDS =====
    -->

    <target name="update-candidate-records-input">
        <input addproperty="start.date" defaultvalue="" message="Enter starting date in yyyymmdd format: "/>
    </target>

    <target name="update-candidate-records" depends="-confirm-db-touch, -init">

        <fail message="This target is out of date. Use 'reload-candidates-live' instead."/>
        <ng.java className="com.nextgate.mm.analyzer.tools.CandidateRecordUpdater">
            <args>
                <arg value="${project.properties}"/>
            </args>
        </ng.java>
    </target>

    <target name="reload-candidates-live" depends="-init, -confirm-db-touch, validate-db-or-fail" description="[analyzer] Reload all candidate keys, and optionally records, in the database. Locking and update date checking makes this safe to run on a live DB simultaneous to processing updates.">
        <reload-candidates offline="false"/>
    </target>

    <target name="reload-candidates-offline" depends="-init, -confirm-db-touch" description="[analyzer] Reload all candidate keys, and optionally records, in the database. Must be run on 'offline' system from single node.">
        <antcall target="reload-candidates-offline-pre"/>
        <reload-candidates offline="true"/>
        <antcall target="reload-candidates-offline-post"/>
    </target>

    <target name="reload-candidates-offline-pre" depends="-init, -confirm-db-touch" description="Truncate candidate key tables and drop indexes in preparation for 'offline' candidate key recalculation.">
        <mexec-sql-ignore-error delimiter="/" input.file="${basedir}/analyzer/resources/scripts/candidatekey/${db.type}/candidatekey-truncate-dropindexes.sql" output.file.name="${absolute.working.dir}/sql/candidatekey-truncate-dropindexes.out"/>
    </target>

    <target name="reload-candidates-offline-post" depends="-init, -confirm-db-touch" description="Create indexes for candidate key tables after 'offline' candidate key recalculation.">
        <antcall target="upgrade-db"/>
    </target>

    <!--
        ===== DATABASE MIGRATION =====
    -->

    <target name="migrate-data-tables" depends="-init">
        <ng.java className="com.nextgate.mm.analyzer.upgrade.DbMigrator">
            <args>
                <arg value="--tenant"/>
                <arg value="${tenant}"/>
                <arg value="--project"/>
                <arg value="${project}"/>
                <arg value="${project.properties}"/>
            </args>
        </ng.java>
    </target>

    <target name="migrate-comparisons" depends="-init">
        <ng.java className="com.nextgate.mm.analyzer.upgrade.ComparisonMigrator">
            <args>
                <arg value="${project.properties}"/>
            </args>
        </ng.java>
    </target>

    <target name="migrate-db" depends="migrate-data-tables,migrate-comparisons,export-sbr,construct-candidate-records,create-indexes,compute-statistics"/>

    <!--
        ===== UPGRADE UTILITIES =====
    -->

    <!-- Convert transactions from 5.x format  -->

    <target name="convert-transactions" depends="-init">
        <ng.java className="com.nextgate.mm.analyzer.upgrade.TransactionConverter">
            <args>
                <arg value="${basedir}/${project.properties}"/>
                <arg value="${absolute.working.dir}/analyzer/transactions.txt"/>
            </args>
        </ng.java>
    </target>

    <target name="convert-and-load-transactions" depends="-init">
        <ng.java className="com.nextgate.mm.analyzer.upgrade.TransactionConverter">
            <args>
                <arg value="${basedir}/${project.properties}"/>
                <arg value="${absolute.working.dir}/analyzer/transactions.txt"/>
                <arg value="load"/>
            </args>
        </ng.java>
    </target>

    <target name="convert-and-load-transactions-check-exist" depends="-init">
        <ng.java className="com.nextgate.mm.analyzer.upgrade.TransactionConverter">
            <args>
                <arg value="${basedir}/${project.properties}"/>
                <arg value="${absolute.working.dir}/analyzer/transactions.txt"/>
                <arg value="load"/>
                <arg value="check-exist"/>
            </args>
        </ng.java>
    </target>

    <!-- Load the converted transactions -->
    <target name="load-transactions" depends="-init" unless="use-jdbc-true">
        <taskdef classname="com.nextgate.mm.analyzer.upgrade.OracleSQLLoader" classpathref="mm.run.class.path" name="sql-load"/>
        <sql-load control="${basedir}/analyzer/scripts/upgrade/oracle/load-transactions.ctl" dir="${absolute.working.dir}/analyzer" filefilter="SBYN_TRANSACTION.*\.dat" password="${db.password}" threads="1" tnsname="${db.tnsname}" username="${db.username}"/>
    </target>

    <target name="drop-transaction-indexes" depends="-init, -confirm-db-touch">
        <mexec-sql-ignore-error delimiter="/" input.file="${basedir}/analyzer/scripts/upgrade/${db.type}/drop-transaction-indexes.sql" output.file.name="${absolute.working.dir}/sql/drop-transaction-indexes.out"/>
    </target>

    <target name="create-transaction-indexes" depends="-init">
        <mexec-sql delimiter="/" input.file="${basedir}/analyzer/scripts/upgrade/${db.type}/create-transaction-indexes.sql" output.file.name="${absolute.working.dir}/sql/create-transaction-indexes.out"/>
    </target>

    <target name="estimate-transaction-statistics" depends="-init">
        <mexec-sql delimiter="/" input.file="${basedir}/analyzer/scripts/upgrade/${db.type}/estimate-transaction-statistics.sql" output.file.name="${absolute.working.dir}/sql/estimate-transaction-statistics.out"/>
    </target>

    <target name="scan-transactions" depends="-init">
        <ng.java className="com.nextgate.mm.analyzer.upgrade.TransactionScanner">
            <args>
                <arg value="${basedir}/${project.properties}"/>
                <arg value="${absolute.working.dir}/analyzer/transactions.txt"/>
            </args>
        </ng.java>
    </target>

    <target name="purge-transactions" depends="-init, -confirm-db-touch">
        <input addproperty="start.transnum" message="Enter starting transaction number to purge: "/>
        <input addproperty="delete.interval" defaultvalue="-1" message="Enter delete interval: "/>
        <ng.java className="com.nextgate.mm.analyzer.upgrade.TransactionPurger">
            <args>
                <arg value="${basedir}/${project.properties}"/>
                <arg value="${start.transnum}"/>
                <arg value="${delete.interval}"/>
            </args>
        </ng.java>
    </target>

    <target name="fix-transactions-auto" depends="find-empty-transactions, -confirm-db-touch">
        <ng.java className="com.nextgate.mm.analyzer.upgrade.TransactionFixer">
            <args>
                <arg value="${project.properties}"/>
                <arg value="transfix_${tstamp}.txt"/>
            </args>
        </ng.java>
    </target>

    <target name="fix-transactions" depends="-init, -confirm-db-touch">
        <input addproperty="input.file" message="Input File"/>
        <ng.java className="com.nextgate.mm.analyzer.upgrade.TransactionFixer">
            <args>
                <arg value="${project.properties}"/>
                <arg value="${input.file}"/>
            </args>
        </ng.java>
    </target>

    <target name="find-empty-transactions" depends="-init">
        <tstamp>
            <format pattern="yyyyMMddHHmmss" property="tstamp"/>
        </tstamp>
        <ng.java className="com.nextgate.mm.analyzer.upgrade.TransactionFixerFileGen">
            <args>
                <arg value="${project.properties}"/>
                <arg value="2"/>
                <arg value="transfix_${tstamp}.txt"/>
            </args>
        </ng.java>
    </target>

    <target name="convert-weight-file">
        <input addproperty="input.file" message="File to convert"/>
        <input addproperty="output.file" message="Output file name"/>
        <input addproperty="start.id" message="ID starting value"/>
        <input addproperty="weight.type.id" message="Weight type ID"/>
        <ng.java className="com.nextgate.mm.analyzer.upgrade.SbmeOverrideWeightConverter">
            <args>
                <arg value="${input.file}"/>
                <arg value="${output.file}"/>
                <arg value="${start.id}"/>
                <arg value="${weight.type.id}"/>
            </args>
        </ng.java>
    </target>

    <target name="convert-exclusion-file">
        <input addproperty="input.file" message="File to convert"/>
        <input addproperty="output.file" message="Output file name"/>
        <input addproperty="start.id" message="ID starting value"/>
        <input addproperty="excl.type.id" message="Exclusion type ID"/>
        <ng.java className="com.nextgate.mm.analyzer.upgrade.SbmeOverrideExclusionConverter">
            <args>
                <arg value="${input.file}"/>
                <arg value="${output.file}"/>
                <arg value="${start.id}"/>
                <arg value="${excl.type.id}"/>
            </args>
        </ng.java>
    </target>

    <target name="get-history-euid" depends="-init">
        <input addproperty="euid" message="EUID"/>
        <taskdef classname="com.nextgate.mm.analyzer.tools.GetHistory" classpathref="mm.run.class.path" name="history"/>
        <history euid="${euid}" propfile="${basedir}/${project.properties}"/>
    </target>

    <target name="get-history-lid" depends="-init">
        <input addproperty="system" message="System Code"/>
        <input addproperty="lid" message="Local Id"/>
        <taskdef classname="com.nextgate.mm.analyzer.tools.GetHistory" classpathref="mm.run.class.path" name="history"/>
        <history lid="${lid}" propfile="${basedir}/${project.properties}" system="${system}"/>
    </target>

    <target name="generate-audit-data" depends="-init">
        <ng.java className="com.nextgate.mm.utils.AuditLogGenerator">
            <args>
                <arg value="${project.properties}"/>
            </args>
        </ng.java>
    </target>

    <!--
        ===== Address Normalization =====
    -->

    <target name="av-init" description="[analyzer] AV Initialize address verification libraries">
	    <if>
			<or>
				<available file="${basedir}/loqatelib/lqtjava.dll"/>
				<available file="${basedir}/loqatelib/liblqtjava.so"/>
			</or>
			<then>
			    <echo message="Loqate libraries found"/>
			</then>
			<else>
				<echo message="Unzipping Loqate libraries"/>
				<mkdir dir="${basedir}/loqatelib"/>
				<first id="lqtjar">
					<fileset dir="${basedir}/lib" includes="Loqate.lib-*.jar" />
				</first>
				<echo message="Found Loqate jar: ${toString:lqtjar}"/>
				<if>
					<os family="unix"/>
					<then>
						<!-- Assume Linux64 -->
						<unzip src="${toString:lqtjar}" dest="${basedir}/loqatelib">
							<patternset>
								<include name="lib/linux64/liblqtcr.so"/>
								<include name="lib/linux64/liblqtjava.so"/>
							</patternset>
							<mapper type="flatten"/>
						</unzip>
					</then>
					<else>
						<!-- Assume Win64 -->
						<unzip src="${toString:lqtjar}" dest="${basedir}/loqatelib">
							<patternset>
								<include name="lib/win64/lqtcr.dll"/>
								<include name="lib/win64/lqtjava.dll"/>
							</patternset>
							<mapper type="flatten"/>
						</unzip>
					</else>
				</if>
			</else>
		</if>
	</target>

    <target name="av-extract" depends="-init,av-init" description="[analyzer] AV Extract address records">
        <ng.java className="com.nextgate.mm.analyzer.addressverification.Main">
            <args>
                <arg value="EXTRACT"/>
                <arg value="${project}"/>
                <arg value="${basedir}"/>
                <arg value="${project.properties}"/>
                <arg value="${absolute.working.dir}"/>
                <arg value="${sbr}"/>
            </args>
        </ng.java>
    </target>

    <target name="av-transform" depends="-init,av-init" description="[analyzer] AV Normalize extracted address records">
        <ng.java className="com.nextgate.mm.analyzer.addressverification.Main">
            <args>
                <arg value="TRANSFORM"/>
                <arg value="${project}"/>
                <arg value="${basedir}"/>
                <arg value="${project.properties}"/>
                <arg value="${absolute.working.dir}"/>
				<arg value="${sbr}"/>
            </args>
        </ng.java>
    </target>

    <target name="av-load" depends="-init,av-init" description="[analyzer] AV Load normalized address records">
        <ng.java className="com.nextgate.mm.analyzer.addressverification.Main">
            <args>
                <arg value="LOAD"/>
                <arg value="${project}"/>
                <arg value="${basedir}"/>
                <arg value="${project.properties}"/>
                <arg value="${absolute.working.dir}"/>
                <arg value="${sbr}"/>
            </args>
        </ng.java>
    </target>



    <!--
        ===== MISCELLANEOUS =====
    -->

    <target name="clear-log">
        <delete file="${absolute.working.dir}/analyzer/mm.log"/>
    </target>

    <target name="open-log">
        <exec dir="${absolute.working.dir}" executable="cat" failonerror="true">
            <arg line="${absolute.working.dir}/analyzer/mm.log"/>
        </exec>
    </target>

    <target name="test" depends="-init">
        <ng.java className="com.nextgate.mm.analyzer.tools.DbCompare">
            <args>
                <arg value="${project.properties}"/>
            </args>
        </ng.java>
    </target>

    <target name="get-euids" depends="-init">
        <ng.java className="com.nextgate.mm.analyzer.tools.GetEuids">
            <args>
                <arg value="${project.properties}"/>
                <arg value="${absolute.working.dir}/analyzer/euids.txt"/>
            </args>
        </ng.java>
    </target>

    <target name="batch-delete" depends="-init, -confirm-db-touch">
        <ng.java className="com.nextgate.mm.util.delete.exec.FileExec">
            <args>
                <arg value="${project.properties}"/>
                <arg value="${absolute.project.dir}/data/sostodelete.txt"/>
            </args>
        </ng.java>
    </target>

    <!--
        ===== MACROS =====
    -->

    <!-- Execute sql loader -->
    <macrodef name="mload">
        <attribute name="input.file.name"/>
        <attribute name="control.file"/>
        <sequential>
            <echo message="Executing SQL Loader: data=${absolute.working.dir}/analyzer/@{input.file.name}, control=@{control.file}"/>
            <exec dir="${absolute.working.dir}/analyzer" executable="sqlldr" failonerror="false" resultproperty="@{control.file}_@{input.file.name}_RESULT">
                <arg value="${db.username}/${db.password}@${db.tnsname}"/>
                <arg value="control=@{control.file}"/>
                <arg value="data=${absolute.working.dir}/analyzer/@{input.file.name}"/>
                <arg value="bad=${absolute.working.dir}/analyzer/@{input.file.name}.load.bad"/>
                <arg value="log=${absolute.working.dir}/analyzer/@{input.file.name}.load.log"/>
            </exec>
            <condition property="abort.load">
                <or>
                    <equals arg1="${@{control.file}_@{input.file.name}_RESULT}" arg2="1"/>
                    <equals arg1="${@{control.file}_@{input.file.name}_RESULT}" arg2="3"/>
                </or>
            </condition>
            <fail if="abort.load">Build aborted by user.</fail>
        </sequential>
    </macrodef>

    <!-- Execute candidate key reloader -->
    <macrodef name="reload-candidates">
        <attribute name="offline"/>
        <sequential>
            <ng.java className="com.nextgate.mm.analyzer.tools.candidate.BulkCandidateReloader">
                <args>
                    <arg value="--tenant"/>
                    <arg value="${tenant}"/>
                    <arg value="--project"/>
                    <arg value="${project}"/>
                    <arg value="--offline"/>
                    <arg value="@{offline}"/>
                    <arg value="${project.properties}"/>
                </args>
            </ng.java>
        </sequential>
    </macrodef>

</project>
