{
    "Person": {
        "root": "person",
        "webserviceRoot": "PersonRS",
        "codesetAssigningAuthority": "PersonRegistry",
        "fieldDefinitions": [
            {
                "Phone": {
                    "fields": {
                        "Phone": {
                            "filter": "nxgDqmPhoneFilter"
                        }
                    }
                }
            },
            {
                "SSN": {
                    "filter": "nxgDqmSSNFilter"
                }
            },
            {
                "Suffix": {
                    "codeset": "SUFFIX"
                }
            },
			{
                "DOB": {
                    "filter": "dateShort"
                }
            },
            {
                "Address": {
                    "displayName": "Address",
                    "fields": {
                        "AddressLine1": {
                            "displayName": "Address Line 1"
                        },
                        "AddressLine2": {
                            "displayName": "Address Line 2"
                        },
                        "AddressLine3": {
                            "displayName": "Address Line 3"
                        },
                        "AddressLine4": {
                            "displayName": "Address Line 4"
                        },
                        "AddressType": {
                            "displayName": "Type"
                        },
                        "City": {
                            "displayName": "City"
                        },
                        "CountryCode": {
                            "displayName": "Country Code"
                        },
                        "County": {
                            "displayName": "County"
                        },
                        "HouseNumber": {
                            "displayName": "House Number"
                        },
                        "Latitude": {
                            "displayName": "GEO Latitude"
                        },
                        "Longitude": {
                            "displayName": "GEO Longitude"
                        },
                        "PostalCode": {
                            "displayName": "Zip Code"
                        },
                        "PostalCodeExt": {
                            "displayName": "Zip Code Extension"
                        },
                        "StateCode": {
                            "displayName": "State",
                            "codeset": "STATE_CODE"
                        },
                        "StreetDir": {
                            "displayName": "Street Dir"
                        },
                        "StreetName": {
                            "displayName": "Street Name"
                        },
                        "StreetType": {
                            "displayName": "Street Type"
                        }
                    }
                }
            },
            {
                "AddressHistory": {
                    "displayName": "Address History",
                    "fields": {
                        "AddressLine1": {
                            "displayName": "Address Line 1"
                        },
                        "AddressLine2": {
                            "displayName": "Address Line 2"
                        },
                        "AddressLine3": {
                            "displayName": "Address Line 3"
                        },
                        "AddressLine4": {
                            "displayName": "Address Line 4"
                        },
                        "AddressType": {
                            "displayName": "Type"
                        },
                        "City": {
                            "displayName": "City"
                        },
                        "CountryCode": {
                            "displayName": "Country Code"
                        },
                        "County": {
                            "displayName": "County"
                        },
                        "HouseNumber": {
                            "displayName": "House Number"
                        },
                        "Latitude": {
                            "displayName": "GEO Latitude"
                        },
                        "Longitude": {
                            "displayName": "GEO Longitude"
                        },
                        "PostalCode": {
                            "displayName": "Zip Code"
                        },
                        "PostalCodeExt": {
                            "displayName": "Zip Code Extension"
                        },
                        "StateCode": {
                            "displayName": "State",
                            "codeset": "STATE_CODE"
                        },
                        "StreetDir": {
                            "displayName": "Street Dir"
                        },
                        "StreetName": {
                            "displayName": "Street Name"
                        },
                        "StreetType": {
                            "displayName": "Street Type"
                        }
                    }
                }
            },
            {
                "Death": {
                    "codeset": "DEATH"
                }
            },
            {
                "VIPFlag": {
                    "codeset": "VIPINDICATOR"
                }
            }
        ],
        "recordDetails": {
			"fields": [
                "FirstName",
                "MiddleName",
                "LastName",
                "Suffix",
                "Title",
                "SSN",
                "DOB",
                "PobCity",
                "PobState",
                "PobCountry",
                "Gender",
                "Death",
                "Dod",
                "MStatus",
                "MotherMN",
                "VIPFlag",
				"BirthOrder",
				"MultipleBirth",
				"AuthFlag",
				"Language",
                {
                    "field": "Address",
                    "displayName": "Address",
                    "typeField": "AddressType",
                    "subFields": [
                        "AddressType",
                        "AddressLine1",
                        "AddressLine2",
                        "City",
                        "StateCode",
                        "PostalCode",
                        "CountryCode"
                    ]
                },
                {
                    "field": "Phone",
                    "displayName": "Phone",
                    "typeField": "PhoneType",
                    "subFields": [
                        "PhoneType",
                        "Phone"
                    ]
                },
                {
                    "field": "Email",
                    "displayName": "Email",
                    "typeField": "EmailType",
                    "subFields": [
                        "EmailType",
                        "EmailAddress"
                    ]
                },
                {
                    "field": "Alias",
                    "displayName": "Alias",
                    "subFields": [
                        "FirstName",
                        "LastName"
                    ]
                },
				{
                    "field": "Contact",
                    "displayName": "Contact",
					"typeField": "ContactRole",
                    "subFields": [
						"ContactRole",
                        "ContactFirstName",
                        "ContactLastName",
						"ContactRel"
                    ]
                },
                {
                    "field": "AuxId",
                    "displayName": "Aux ID",
                    "typeField": "AuxIdDef",
                    "subFields": [
                        "Id"
                    ]
                }
            ],
            "tabs": [
                {
                    "id": "history-tab",
                    "displayName": {
                        "en_US": "History",
                        "pt_BR": "Histórico",
                        "fr_FR": "Historique",
                        "es_ES": "Historia"
                    },
                    "urlPath": "history",
                    "uiStateName": "dqm-app.details.tab",
                    "directive": {
                        "name": "nxg-record-history",
                        "defaults": {
                            "showFullRecord": false
                        },
                        "fields": [
                            {
                                "field": "FirstName",
                                "defaultShow": true
                            },
                            {
                                "field": "LastName",
                                "defaultShow": true
                            },
                            {
                                "field": "DOB",
                                "defaultShow": true
                            },
                            {
                                "field": "SSN",
                                "defaultShow": true
                            },
                            {
                                "field": "Gender",
                                "defaultShow": true
                            },
                            {
                                "field": "Address",
                                "defaultShow": true,
                                "typeField": "AddressType",
                                "subFields": [
                                    "AddressLine1",
                                    "AddressLine2",
                                    "City",
                                    "StateCode",
                                    "PostalCode",
                                    "CountryCode"
                                ]
                            },
                            {
                                "field": "Phone",
                                "defaultShow": true,
                                "typeField": "PhoneType",
                                "subFields": [
                                    "Phone"
                                ]
                            },
                            {
                                "field": "Contact",
                                "defaultShow": false,
                                "typeField": "ContactRole",
                                "subFields": [
                                    "ContactFirstName",
                                    "ContactLastName",
                                    "ContactRel"
                                ]
                            },
                            {
                                "field": "Email",
                                "defaultShow": false,
                                "typeField": "EmailType",
                                "subFields": [
                                    "EmailAddress"
                                ]
                            },
                            {
                                "field": "AuxId",
                                "defaultShow": true,
                                "typeField": "AuxIdDef",
                                "subFields": [
                                    "Id"
                                ]
                            }
                        ]
                    }
                }
            ]
        },
        "search": {
            "recentlySearchedSection": {
                "fields": [
                    "FirstName",
                    "MiddleName",
                    "LastName",
                    "SSN",
                    "DOB",
                    "Gender",
                    {
                        "field": "Address",
                        "displayName": "Address",
                        "subFields": [
                            "AddressLine1",
                            "City",
                            "StateCode",
                            "PostalCode"
                        ]
                    },
                    {
                        "field": "Phone",
                        "displayName": "Phone",
                        "subFields": [
                            "Phone"
                        ]
                    },
                    {
                        "field": "Email",
                        "displayName": "Email",
                        "typeField": "EmailType",
                        "subFields": [
                            "EmailType",
                            "EmailAddress"
                        ]
                    },
                    {
                        "field": "Alias",
                        "displayName": "Alias",
                        "subFields": [
                            "FirstName",
                            "LastName"
                        ]
                    },
                    {
                        "field": "AuxId",
                        "displayName": "Aux ID",
                        "typeField": "AuxIdDef",
                        "subFields": [
                            "Id"
                        ]
                    }
                ]
            },
            "recentlyViewedSection": {
                "fields": [
                    "FirstName",
                    "MiddleName",
                    "LastName",
                    "SSN",
                    "DOB",
                    "Gender"
                ]
            }
        },
        "compare": {
            "useAdvancedMarkUniqueOptions": true,
            "allLidsExpanded": true,
            "fields": [
                "FirstName",
                "MiddleName",
                "LastName",
                "Suffix",
                "Title",
                "SSN",
                "DOB",
                "PobCity",
                "PobState",
                "PobCountry",
                "Gender",
                "Death",
                "Dod",
                "MStatus",
                "MotherMN",
                "VIPFlag",
                {
                    "field": "Address",
                    "displayName": "Address",
                    "typeField": "AddressType",
                    "subFields": [
                        "AddressType",
                        "AddressLine1",
                        "AddressLine2",
                        "City",
                        "StateCode",
                        "PostalCode",
                        "CountryCode"
                    ]
                },
                {
                    "field": "Phone",
                    "displayName": "Phone",
                    "typeField": "PhoneType",
                    "subFields": [
                        "PhoneType",
                        "Phone"
                    ]
                },
                {
                    "field": "Email",
                    "displayName": "Email",
                    "typeField": "EmailType",
                    "subFields": [
                        "EmailType",
                        "EmailAddress"
                    ]
                },
                {
                    "field": "Alias",
                    "displayName": "Alias",
                    "subFields": [
                        "FirstName",
                        "LastName"
                    ]
                },
                {
                    "field": "AuxId",
                    "displayName": "Aux ID",
                    "typeField": "AuxIdDef",
                    "subFields": [
                        "Id"
                    ]
                }
            ]
        },
        "previewModal": {
            "fields": [
                "FirstName",
                "MiddleName",
                "LastName",
                "Suffix",
                "Title",
                "SSN",
                "DOB",
                "PobCity",
                "PobState",
                "PobCountry",
                "Gender",
                "Death",
                "Dod",
                "MStatus",
                "MotherMN",
                "VIPFlag",
                {
                    "field": "Address",
                    "displayName": "Address",
                    "typeField": "AddressType",
                    "subFields": [
                        "AddressType",
                        "AddressLine1",
                        "AddressLine2",
                        "City",
                        "StateCode",
                        "PostalCode",
                        "CountryCode"
                    ]
                },
                {
                    "field": "Phone",
                    "displayName": "Phone",
                    "typeField": "PhoneType",
                    "subFields": [
                        "PhoneType",
                        "Phone"
                    ]
                },
                {
                    "field": "Email",
                    "displayName": "Email",
                    "typeField": "EmailType",
                    "subFields": [
                        "EmailType",
                        "EmailAddress"
                    ]
                },
                {
                    "field": "Alias",
                    "displayName": "Alias",
                    "subFields": [
                        "FirstName",
                        "LastName"
                    ]
                },
                {
                    "field": "AuxId",
                    "displayName": "Aux ID",
                    "typeField": "AuxIdDef",
                    "subFields": [
                        "Id"
                    ]
                }
            ]
        },
        "issueSearch": {
            "searchResults": {
                "fields": [
                  "FirstName",
                  "LastName",
                  "DOB",
                  "Gender",
                  "SSN",
                    {
                        "field": "Address",
                        "displayName": "Address",
                        "typeField": "AddressType",
                        "subFields": [
                            "AddressType",
                            "AddressLine1",
                            "AddressLine2",
                            "City",
                            "StateCode",
                            "PostalCode",
                            "CountryCode"
                        ]
                    },
                    {
                        "field": "Phone",
                        "displayName": "Phone",
                        "typeField": "PhoneType",
                        "subFields": [
                            "PhoneType",
                            "Phone"
                        ]
                    }
                ]
            }
        }
    },
    "Provider": {
        "root": "provider",
        "webserviceRoot": "ProviderRS",
        "codesetAssigningAuthority": "ProviderRegistry",
        "fieldDefinitions": [
            {
                "ManagedIdentifiers": {
                    "fields": {
                        "IdTypeCode": {
                            "codeset": "IDENTIFIER_TYPE"
                        }
                    }
                }
            },
            {
                "Communications": {
                    "fields": {
                        "CommAddr1": {
                            "filter": "nxgDqmPhoneFilter"
                        }
                    }
                }
            }
        ],
        "recordDetails": {
            "tabs": [
                {
                    "id": "history-tab",
                    "displayName": {
                        "en_US": "History",
                        "pt_BR": "Histórico",
                        "fr_FR": "Historique",
                        "es_ES": "Historia"
                    },
                    "urlPath": "history",
                    "uiStateName": "dqm-app.details.tab",
                    "directive": {
                        "name": "nxg-record-history",
                        "fields": [
                            "firstName",
                            "lastName",
                            "etcYouGetThePoint",
                            {
                                "name": "middleName",
                                "displayName": "This Is A Way To Override The Label For Middle Name"
                            }
                        ],
                        "whateverOtherConfigYouNeedForTheDirective": "whateverBro"
                    }
                }
            ]
        },
        "compare": {
            "useAdvancedMarkUniqueOptions": true,
            "allLidsExpanded": true,
            "fields": [
                "Name_1",
                "Name_2",
                "Name_3",
                "Name_Prefix",
                "Name_Suffix",
                "Name_Honor",
                "BirthDate",
                "BirthCity",
                "BirthState",
                "BirthCountry",
                "GenderCode",
                {
                    "field": "Locations",
                    "displayName": "Locations",
                    "typeField": "LocTypeCode",
                    "subFields": [
                        "LocName",
                        "AddrLine1",
                        "AddrLine2",
                        "AddrCity",
                        "AddrState",
                        "AddrPostCode",
                        "AddrCountry"
                    ]
                },
                {
                    "field": "Communications",
                    "displayName": "Communications",
                    "typeField": "CommAddrTypeCode",
                    "subFields": [
                        "CommAddrTypeCode",
                        "CommAddr1",
                        "WorkLocID"
                    ]
                },
                {
                    "field": "Specialties",
                    "displayName": "Specialties",
                    "typeField": "SpecialCode",
                    "subFields": [
                        "SpecialCode",
                        "PrimarySpecialty",
                        "ContributingSystem",
                        "GoverningBoard"
                    ]
                },
                {
                    "field": "AlternateNames",
                    "displayName": "Alternate Names",
                    "subFields": [
                        "Name_1",
                        "Name_2",
                        "Name_3"
                    ]
                },
                {
                    "field": "ManagedIdentifiers",
                    "displayName": "Identifiers",
                    "typeField": "IdTypeCode",
                    "subFields": [
                        "IdTypeCode",
                        "AssigningAuthority",
                        "Id"
                    ]
                }
            ]
        },
        "search": {
            "recentlySearchedSection": {
                "fields": [
                    "Name_1",
                    "Name_3",
                    "TypeCode",
                    {
                        "field": "Locations",
                        "displayName": "Locations",
                        "typeField": "LocTypeCode",
                        "subFields": [
                            "LocName",
                            "AddrLine1",
                            "AddrCity",
                            "AddrState",
                            "AddrPostCode"
                        ]
                    },
                    {
                        "field": "Communications",
                        "displayName": "Communications",
                        "typeField": "CommAddrTypeCode",
                        "subFields": [
                            "CommAddrTypeCode",
                            "CommAddr1"
                        ]
                    },
                    {
                        "field": "Specialties",
                        "displayName": "Specialties",
                        "typeField": "SpecialCode",
                        "subFields": [
                            "SpecialCode"
                        ]
                    },
                    {
                        "field": "ManagedIdentifiers",
                        "displayName": "Identifiers",
                        "typeField": "IdTypeCode",
                        "subFields": [
                            "IdTypeCode",
                            "Id"
                        ]
                    }
                ]
            },
            "recentlyViewedSection": {
                "fields": [
                    "Name_1",
                    "Name_2",
                    "Name_3",
                    "Name_Prefix",
                    "Name_Suffix"
                ]
            }
        },
        "previewModal": {
            "fields": [
                "Name_1",
                "Name_2",
                "Name_3",
                "Name_Prefix",
                "Name_Suffix",
                "BirthDate",
                "BirthCity",
                "BirthState",
                "BirthCountry",
                "GenderCode",
                {
                    "field": "Locations",
                    "displayName": "Locations",
                    "typeField": "LocTypeCode",
                    "subFields": [
                        "LocName",
                        "AddrLine1",
                        "AddrLine2",
                        "AddrCity",
                        "AddrState",
                        "AddrPostCode",
                        "AddrCountry"
                    ]
                },
                {
                    "field": "Communications",
                    "displayName": "Communications",
                    "typeField": "CommAddrTypeCode",
                    "subFields": [
                        "CommAddrTypeCode",
                        "CommAddr1",
                        "WorkLocID"
                    ]
                },
                {
                    "field": "Specialties",
                    "displayName": "Specialties",
                    "typeField": "SpecialCode",
                    "subFields": [
                        "SpecialCode",
                        "PrimarySpecialty",
                        "ContributingSystem",
                        "GoverningBoard"
                    ]
                },
                {
                    "field": "AlternateNames",
                    "displayName": "Alternate Names",
                    "subFields": [
                        "Name_1",
                        "Name_2",
                        "Name_3"
                    ]
                },
                {
                    "field": "ManagedIdentifiers",
                    "displayName": "Identifiers",
                    "typeField": "IdTypeCode",
                    "subFields": [
                        "IdTypeCode",
                        "AssigningAuthority",
                        "Id"
                    ]
                }
            ]
        },
        "issueSearch": {
            "searchResults": {
              "fields": [
                  "Name_1",
                  "Name_3",
                  "TypeCode",
                  "GenderCode",
                  "BirthDate",
                  {
                      "field": "Locations",
                      "displayName": "Locations",
                      "typeField": "LocTypeCode",
                      "subFields": [
                          "LocName",
                          "AddrLine1",
                          "AddrCity",
                          "AddrState",
                          "AddrPostCode"
                      ]
                  },
                  {
                      "field": "Communications",
                      "displayName": "Communications",
                      "typeField": "CommAddrTypeCode",
                      "subFields": [
                          "CommAddrTypeCode",
                          "CommAddr1"
                      ]
                  }
              ]
            }
        }
    }
}
