<?xml version="1.0" encoding="ISO-8859-1"?>
<!--
    Copyright (c) 2023, Rhapsody. All Rights Reserved.
-->

<project name="ngmm-patch-11.2.10-install" default="build" basedir="..">

    <property name="ngmm-11.2.10-proddir" value="${stagedir}/ngmm-patch-11.2.10/11.2.10_rev356"/>
    <property name="ngmm-11.2.10-ngsdir" value="${ngmm-11.2.10-proddir}/ngs"/>
    <property name="ngmm-11.2.10-syssrcdir" value="${ngmm-11.2.10-proddir}/ngs/system"/>
    <property name="ngmm-11.2.10-bakdir" value="${stagedir}/ngmm-patch-11.2.10/11.2.10_rev356/backup"/>
    <property name="ngmm-11.2.10-sdkbakdir" value="${ngmm-11.2.10-bakdir}/sdk"/>

    <target name="ngmm-patch-11.2.10">

        <echotime msg="Installing ngmm Patch 11.2.10"/>

        <copy todir="${ngsdestdir}/system" overwrite="true">
            <fileset dir="${ngmm-11.2.10-syssrcdir}"/>
        </copy>

        <echotime msg="Backing up reports and reporter properties files to ${ngmm-11.2.10-bakdir}"/>
        <copy todir="${ngmm-11.2.10-bakdir}" overwrite="true">
            <fileset dir="${ngsdestdir}/etc/nextgate/reporter/reports" includes="mm-common_*.properties"/>
            <fileset dir="${ngsdestdir}/etc/nextgate/reporter/reports" includes="Issue*.jrxml"/>
            <fileset dir="${ngsdestdir}/etc/nextgate/reporter/reports" includes="DuplicateCountXLS.jrxml"/>
        </copy>

        <!-- Master.json -->
        <echotime msg="Backing up master.json to ${ngmm-11.2.10-bakdir}/ngs/etc/nextgate/mm/dqm"/>
        <copy todir="${ngmm-11.2.10-bakdir}/ngs/etc/nextgate/mm/dqm" overwrite="true">
            <fileset dir="${ngsdestdir}/etc/nextgate/mm/dqm" includes="master.json"/>
        </copy>

        <echotime msg="Backing up intl\master.json to ${ngmm-11.2.10-bakdir}/ngs/etc/nextgate/mm/dqm/intl"/>
        <copy todir="${ngmm-11.2.10-bakdir}/ngs/etc/nextgate/mm/dqm/intl" overwrite="true">
            <fileset dir="${ngsdestdir}/etc/nextgate/mm/dqm/intl" includes="master.json"/>
        </copy>

        <copy todir="${ngsdestdir}/etc/nextgate/mm/dqm" overwrite="true">
            <fileset dir="${ngmm-11.2.10-proddir}/ngs/etc/nextgate/mm/dqm" includes="master.json" />
        </copy>

        <copy todir="${ngsdestdir}/etc/nextgate/mm/dqm/intl" overwrite="true">
            <fileset dir="${ngmm-11.2.10-proddir}/ngs/etc/nextgate/mm/dqm/intl" includes="master.json" />
        </copy>

        <!-- For Verify -->
        <echotime msg="Backing up dqm ui cfg file altered by Verify to ${ngmm-11.2.10-bakdir}"/>
        <copy todir="${ngmm-11.2.10-bakdir}" overwrite="true">
            <fileset dir="${ngsdestdir}/etc/nextgate/mm" includes="com.nextgate.mm.ui.dqm.cfg"/>
        </copy>

        <mergepropfile targetDirectory="${ngsdestdir}/etc/nextgate/mm/" sourcePropertyFile="${ngmm-11.2.10-proddir}/install/ngmm/com.nextgate.mm.ui.dqm.cfg" />

        <copy todir="${ngsdestdir}/../install/ngmm-patch-11.2.10/11.2.10_rev356" overwrite="true">
            <fileset dir="${ngmm-11.2.10-proddir}/install/ngmm" includes="ngmm-patch11.2.10-verify_install.xml" />
        </copy>
        <!-- For Verify -->

        <ngsexec command="bundle:list -s | grep com.nextgate.mm.osgi.ProviderProject" outputproperty="provider-installed-tag"/>
        <if><contains string="${provider-installed-tag}" substring="com.nextgate.mm.osgi.ProviderProject"/>
            <then>
                <echotime msg="Found Provider, updating Provider reports and properties"/>
                <copy todir="${ngmm-11.2.10-bakdir}" overwrite="true">
                    <fileset dir="${ngsdestdir}/etc/nextgate/reporter/reports" includes="prov-common_*.properties"/>
                </copy>

                <copy todir="${ngsdestdir}/etc/nextgate/reporter/reports" overwrite="true">
                    <fileset dir="${ngmm-11.2.10-ngsdir}/etc/nextgate/reporter/reports" includes="prov-common_*.properties" />
                    <fileset dir="${ngmm-11.2.10-ngsdir}/etc/nextgate/reporter/reports" includes="Issue*-prov.jrxml" />
                </copy>
            </then>
        </if>

        <copy todir="${ngsdestdir}/etc/nextgate/reporter/reports" overwrite="true">
            <fileset dir="${ngmm-11.2.10-ngsdir}/etc/nextgate/reporter/reports" includes="mm-common_*.properties" />
            <fileset dir="${ngmm-11.2.10-ngsdir}/etc/nextgate/reporter/reports" includes="Issue*ReportGroup.jrxml" />
            <fileset dir="${ngmm-11.2.10-ngsdir}/etc/nextgate/reporter/reports" includes="Issue*Report.jrxml" />
            <fileset dir="${ngmm-11.2.10-ngsdir}/etc/nextgate/reporter/reports" includes="DuplicateCountXLS.jrxml" />
            <fileset dir="${ngmm-11.2.10-ngsdir}/etc/nextgate/reporter/reports" includes="SameSystemMatchCSV.jrxml" />
            <fileset dir="${ngmm-11.2.10-ngsdir}/etc/nextgate/reporter/reports" includes="SameSystemMergeCSV.jrxml" />
        </copy>

        <delete file="${ngsdestdir}/data/reporter/reports/DuplicateResolutionCountTotalXLS.jasper"/>
        <delete file="${ngsdestdir}/etc/nextgate/reporter/reports/DuplicateResolutionCountTotalXLS.jrxml"/>
        <delete dir="${ngsdestdir}/data/repo"/>

        <ngsexec command="bundle:update com.nextgate.mm.ngmm-common mvn:com.nextgate.mm/ngmm-common/11.2.10.356"/>
        <update-dependency-override tag="11.2.10-356" command="UPDATE" fullVersion="11.2.10.356" bundleBaseUri="com.nextgate.mm/ngmm-common" />

        <ngsexec command="bundle:update com.nextgate.mm.index-core mvn:com.nextgate.mm/index-core/11.2.10.356"/>
        <update-dependency-override tag="11.2.10-356" command="UPDATE" fullVersion="11.2.10.356" bundleBaseUri="com.nextgate.mm/index-core" />

        <ngsexec command="bundle:update com.nextgate.mm.standardizer mvn:com.nextgate.mm/standardizer/11.2.10.356"/>
        <update-dependency-override tag="11.2.10-356" command="UPDATE" fullVersion="11.2.10.356" bundleBaseUri="com.nextgate.mm/standardizer" />

        <ngsexec command="bundle:update com.nextgate.mm.quality.quality-service mvn:com.nextgate.mm.quality/quality-service/11.2.10.356"/>
        <update-dependency-override tag="11.2.10-356" command="UPDATE" fullVersion="11.2.10.356" bundleBaseUri="com.nextgate.mm.quality/quality-service" />

        <ngsexec command="bundle:update com.nextgate.mm.ui.ngmm-dqm-ui mvn:com.nextgate.mm.ui/ngmm-dqm-ui/11.2.10.356/war"/>
        <update-dependency-override tag="11.2.10-356" command="UPDATE" fullVersion="11.2.10.356" bundleBaseUri="com.nextgate.mm.ui/ngmm-dqm-ui" bundleAddUri="war"/>

    	<ngsexec command="bundle:list -s | grep com.nextgate.mm.integration.adapters.ngmm-integration-adapter-hl7mllp" outputproperty="mmi-hl7-installed-tag"/>
    	<if><contains string="${mmi-hl7-installed-tag}" substring="com.nextgate.mm.integration.adapters.ngmm-integration-adapter-hl7mllp"/>
    	<then>
    		<echotime msg="Found NGMM Integration HL7 adapter, updating"/>
	        <ngsexec command="bundle:update com.nextgate.mm.integration.adapters.ngmm-integration-adapter-hl7mllp mvn:com.nextgate.mm.integration.adapters/ngmm-integration-adapter-hl7mllp/11.2.10.356"/>
	        <update-dependency-override tag="11.2.10-356" command="UPDATE" fullVersion="11.2.10.356" bundleBaseUri="com.nextgate.mm.integration.adapters/ngmm-integration-adapter-hl7mllp"/>
    	</then>
    	</if>

    	<ngsexec command="bundle:list -s | grep com.nextgate.mm.integration.adapters.ngmm-integration-adapter-hl7mllp-sender" outputproperty="mmi-hl7-sender-installed-tag"/>
    	<if><contains string="${mmi-hl7-sender-installed-tag}" substring="com.nextgate.mm.integration.adapters.ngmm-integration-adapter-hl7mllp-sender"/>
    	<then>
    		<echotime msg="Found NGMM Integration HL7 sender adapter, updating"/>
	        <ngsexec command="bundle:update com.nextgate.mm.integration.adapters.ngmm-integration-adapter-hl7mllp-sender mvn:com.nextgate.mm.integration.adapters/ngmm-integration-adapter-hl7mllp-sender/11.2.10.356"/>
	        <update-dependency-override tag="11.2.10-356" command="UPDATE" fullVersion="11.2.10.356" bundleBaseUri="com.nextgate.mm.integration.adapters/ngmm-integration-adapter-hl7mllp-sender"/>
    	</then>
    	</if>

        <ngsexec command="bundle:list -s | grep com.nextgate.mm.integration.mappers.ngmm-integration-mapper-notificationlegacy" outputproperty="mmi-notificationlegacy-mapper-installed-tag"/>
        <if><contains string="${mmi-notificationlegacy-mapper-installed-tag}" substring="com.nextgate.mm.integration.mappers.ngmm-integration-mapper-notificationlegacy"/>
        <then>
            <echotime msg="Found NGMM Integration Notification Legacy Mapper, updating"/>
            <ngsexec command="bundle:update com.nextgate.mm.integration.mappers.ngmm-integration-mapper-notificationlegacy mvn:com.nextgate.mm.integration.mappers/ngmm-integration-mapper-notificationlegacy/11.2.10.356"/>
            <update-dependency-override tag="11.2.10-356" command="UPDATE" fullVersion="11.2.10.356" bundleBaseUri="com.nextgate.mm.integration.mappers/ngmm-integration-mapper-notificationlegacy"/>
        </then>
        </if>

    	<ngsexec command="bundle:list -s | grep com.nextgate.mm.integration.ngmm-integration-notification" outputproperty="mmi-notif-installed-tag"/>
    	<if><contains string="${mmi-notif-installed-tag}" substring="com.nextgate.mm.integration.ngmm-integration-notification"/>
    	<then>
    		<echotime msg="Found NGMM Integration Notification, updating"/>
    		<ngsexec command="bundle:update com.nextgate.mm.integration.ngmm-integration-notification mvn:com.nextgate.mm.integration/ngmm-integration-notification/11.2.10.356"/>
    		<update-dependency-override tag="11.2.10-356" command="UPDATE" fullVersion="11.2.10.356" bundleBaseUri="com.nextgate.mm.integration/ngmm-integration-notification"/>
    	</then>
    	</if>

        <!-- Patch MM SDK -->

        <mkdir dir="${ngmm-11.2.10-sdkbakdir}"/>

        <copy todir="${ngmm-11.2.10-sdkbakdir}" overwrite="false">
            <fileset dir="${ngmm-comn-sdkdir}/nglib" includes="index-core-1*.jar" />
            <fileset dir="${ngmm-comn-sdkdir}/nglib" includes="standardizer-1*.jar" />
            <fileset dir="${ngmm-comn-sdkdir}/nglib" includes="analyzer-1*.jar" />
            <fileset dir="${ngmm-comn-sdkdir}/nglib" includes="ngmm-common-1*.jar" />
            <fileset dir="${ngmm-comn-sdkdir}/nglib" includes="generator-1*.jar" />
            <fileset dir="${ngmm-comn-sdkdir}/nglib" includes="quality-service-1*.jar" />
            <fileset dir="${ngmm-comn-sdkdir}" includes="ngmm-sdk-build.xml" />
            <fileset dir="${ngmm-comn-sdkdir}" includes="ngmm-sdk-build-analyzer.xml" />
            <fileset dir="${ngmm-comn-sdkdir}/upgrade" includes="**/db/**" />
        </copy>

        <delete>
            <fileset dir="${ngmm-comn-sdkdir}/nglib" includes="index-core-1*.jar" />
            <fileset dir="${ngmm-comn-sdkdir}/nglib" includes="standardizer-1*.jar" />
            <fileset dir="${ngmm-comn-sdkdir}/nglib" includes="analyzer-1*.jar" />
            <fileset dir="${ngmm-comn-sdkdir}/nglib" includes="ngmm-common-1*.jar" />
            <fileset dir="${ngmm-comn-sdkdir}/nglib" includes="generator-1*.jar" />
            <fileset dir="${ngmm-comn-sdkdir}/nglib" includes="quality-service-1*.jar" />
            <fileset dir="${ngmm-comn-sdkdir}" includes="ngmm-sdk-build.xml" />
            <fileset dir="${ngmm-comn-sdkdir}" includes="ngmm-sdk-build-analyzer.xml" />
            <fileset dir="${ngmm-comn-sdkdir}/upgrade" includes="**/db/**" />
        </delete>

        <copy todir="${ngmm-comn-sdkdir}/nglib" overwrite="true">
            <fileset dir="${ngmm-11.2.10-syssrcdir}/com/nextgate/mm/index-core/11.2.10.356"/>
            <fileset dir="${ngmm-11.2.10-syssrcdir}/com/nextgate/mm/standardizer/11.2.10.356"/>
            <fileset dir="${ngmm-11.2.10-syssrcdir}/com/nextgate/mm/analyzer/11.2.10.356"/>
            <fileset dir="${ngmm-11.2.10-syssrcdir}/com/nextgate/mm/ngmm-common/11.2.10.356"/>
            <fileset dir="${ngmm-11.2.10-syssrcdir}/com/nextgate/mm/project/generator/11.2.10.356"/>
            <fileset dir="${ngmm-11.2.10-syssrcdir}/com/nextgate/mm/quality/quality-service/11.2.10.356"/>
        </copy>

        <copy todir="${ngmm-comn-sdkdir}" overwrite="true">
            <fileset dir="${sdkdir}/ngmm-patch-11.2.10/11.2.10_rev356"  includes="ngmm-sdk-build.xml"/>
            <fileset dir="${sdkdir}/ngmm-patch-11.2.10/11.2.10_rev356"  includes="ngmm-sdk-build-analyzer.xml"/>
            <fileset dir="${sdkdir}/ngmm-patch-11.2.10/11.2.10_rev356"  includes="upgrade/**"/>
        </copy>

        <ngsexec command="ngs:save-support-info"/>
        <echotime msg="Support File has been generated, please store it for tracking purposes (ngs/data/support)"/>
        <echotime msg="Install completed, please restart NGS"/>
    </target>

    <target name="ngmm-patch-11.2.10-uninstall">

        <echotime msg="Uninstalling ngmm Patch 11.2.10"/>

        <delete dir="${ngsdestdir}/data/repo"/>
        <delete file="${ngsdestdir}/data/reporter/reports/DuplicateCountXLS.jasper"/>
        <delete file="${ngsdestdir}/etc/nextgate/reporter/reports/DuplicateCountXLS.jrxml"/>

        <echotime msg="Restoring back up of altered com.nextgate.mm.ui.dqm.cfg from ${ngmm-11.2.10-bakdir}"/>
        <copy todir="${ngsdestdir}/etc/nextgate/mm" overwrite="true">
            <fileset dir="${ngmm-11.2.10-bakdir}" includes="com.nextgate.mm.ui.dqm.cfg" />
        </copy>

        <!-- For Verify -->
        <ngsexec command="bundle:list -s | grep com.nextgate.mm.verify.verify" outputproperty="mm-verify-installed-tag"/>
        <if><contains string="${mm-verify-installed-tag}" substring="com.nextgate.mm.verify.verify"/>
        <then>
            <echotime msg="Found Verify, uninstalling"/>
            <antcall target="ngmm-prsn-verify-db-drop"/>
            <ngsexec command="bundle:uninstall com.nextgate.mm.verify.verify-ui"/>
            <ngsexec command="bundle:uninstall com.nextgate.mm.verify.verify-api"/>

            <!-- Removing 11.2.1 installer files -->
            <delete dir="${ngspkg-install}/ngmm/11.2.10_rev356"/>
            <ngsexec command="feature:repo-add mvn:com.nextgate.mm/ngmm-features/11.2.0/xml/features"/>

            <delete dir="${ngsdestdir}/etc/nextgate/mm/verify"/>
            <delete file="${ngsdestdir}/data/reporter/reports/Verify*.jasper"/>
            <delete file="${ngsdestdir}/etc/nextgate/reporter/reports/Verify*.jrxml"/>
        </then>
        </if>

        <delete file="${ngsdestdir}/../install/ngmm-patch-11.2.10/11.2.10_rev356/ngmm-patch11.2.10-verify_install.xml"/>
        <!-- For Verify -->

        <echotime msg="Restoring back up of reports and reporter properties files from ${ngmm-11.2.10-bakdir}"/>
        <copy todir="${ngsdestdir}/etc/nextgate/reporter/reports" overwrite="true">
            <fileset dir="${ngmm-11.2.10-bakdir}" includes="*.properties" />
            <fileset dir="${ngmm-11.2.10-bakdir}" includes="*.jrxml" />
        </copy>

        <delete>
            <fileset dir="${ngmm-11.2.10-bakdir}" includes="*.*" />
        </delete>

        <update-dependency-override tag="11.2.10-356" command="ROLLBACK"/>

    	<ngsexec command="bundle:list -s | grep com.nextgate.mm.integration.adapters.ngmm-integration-adapter-hl7mllp" outputproperty="mmi-hl7-installed-tag"/>
    	<if><contains string="${mmi-hl7-installed-tag}" substring="com.nextgate.mm.integration.adapters.ngmm-integration-adapter-hl7mllp"/>
    	<then>
    		<echotime msg="Found NGMM Integration HL7 adapter, reverting"/>
	        <ngsexec command="bundle:update com.nextgate.mm.integration.adapters.ngmm-integration-adapter-hl7mllp mvn:com.nextgate.mm.integration.adapters/ngmm-integration-adapter-hl7mllp/11.2.0"/>
    	</then>
    	</if>
    	
    	<ngsexec command="bundle:list -s | grep com.nextgate.mm.integration.adapters.ngmm-integration-adapter-hl7mllp-sender" outputproperty="mmi-hl7-sender-installed-tag"/>
    	<if><contains string="${mmi-hl7-sender-installed-tag}" substring="com.nextgate.mm.integration.adapters.ngmm-integration-adapter-hl7mllp-sender"/>
    	<then>
    		<echotime msg="Found NGMM Integration HL7 sender adapter, reverting"/>
	        <ngsexec command="bundle:update com.nextgate.mm.integration.adapters.ngmm-integration-adapter-hl7mllp-sender mvn:com.nextgate.mm.integration.adapters/ngmm-integration-adapter-hl7mllp-sender/11.2.0"/>
    	</then>
    	</if>

        <ngsexec command="bundle:list -s | grep com.nextgate.mm.integration.mappers.ngmm-integration-mapper-notificationlegacy" outputproperty="mmi-notificationlegacy-mapper-installed-tag"/>
        <if><contains string="${mmi-notificationlegacy-mapper-installed-tag}" substring="com.nextgate.mm.integration.mappers.ngmm-integration-mapper-notificationlegacy"/>
            <then>
                <echotime msg="Found NGMM Integration Notification Legacy Mapper, reverting"/>
                <ngsexec command="bundle:update com.nextgate.mm.integration.mappers.ngmm-integration-mapper-notificationlegacy mvn:com.nextgate.mm.integration.mappers/ngmm-integration-mapper-notificationlegacy/11.2.0"/>
            </then>
        </if>

        <ngsexec command="bundle:list -s | grep com.nextgate.mm.integration.ngmm-integration-notification" outputproperty="mmi-notif-installed-tag"/>
    	<if><contains string="${mmi-notif-installed-tag}" substring="com.nextgate.mm.integration.ngmm-integration-notification"/>
    	<then>
    		<echotime msg="Found NGMM Integration Notification, reverting"/>
    		<ngsexec command="bundle:update com.nextgate.mm.integration.ngmm-integration-notification mvn:com.nextgate.mm.integration/ngmm-integration-notification/11.2.0"/>
    	</then>
    	</if>

        <ngsexec command="bundle:update com.nextgate.mm.ngmm-common mvn:com.nextgate.mm/ngmm-common/11.2.0"/>

        <ngsexec command="bundle:update com.nextgate.mm.index-core mvn:com.nextgate.mm/index-core/11.2.0"/>

        <ngsexec command="bundle:update com.nextgate.mm.standardizer mvn:com.nextgate.mm/standardizer/11.2.0"/>

        <ngsexec command="bundle:update com.nextgate.mm.quality.quality-service mvn:com.nextgate.mm.quality/quality-service/11.2.0"/>
    	
        <ngsexec command="bundle:update com.nextgate.mm.ui.ngmm-dqm-ui mvn:com.nextgate.mm.ui/ngmm-dqm-ui/11.2.0/war"/>

        <!-- uninstall from MM SDK -->

        <delete>
            <fileset dir="${ngmm-comn-sdkdir}/nglib" includes="index-core-1*.jar" />
            <fileset dir="${ngmm-comn-sdkdir}/nglib" includes="standardizer-1*.jar" />
            <fileset dir="${ngmm-comn-sdkdir}/nglib" includes="analyzer-1*.jar" />
            <fileset dir="${ngmm-comn-sdkdir}/nglib" includes="ngmm-common-1*.jar" />
            <fileset dir="${ngmm-comn-sdkdir}/nglib" includes="generator-1*.jar" />
            <fileset dir="${ngmm-comn-sdkdir}/nglib" includes="quality-service-1*.jar" />
            <fileset dir="${ngmm-comn-sdkdir}" includes="ngmm-sdk-build.xml" />
            <fileset dir="${ngmm-comn-sdkdir}" includes="ngmm-sdk-build-analyzer.xml" />
            <fileset dir="${ngmm-comn-sdkdir}/upgrade" includes="db/**" />
        </delete>

        <!-- put dot-zero version back into sdk, just like the runtime bundle are rolled back to the dot-zero version -->

        <copy todir="${ngmm-comn-sdkdir}/nglib" overwrite="true" flatten="true">
            <fileset dir="${stagedir}" >
                <include name="**/index-core-11.2.0.jar" />
                <include name="**/standardizer-11.2.0.jar" />
                <include name="**/ngmm-common-11.2.0.jar" />
                <include name="**/analyzer-11.2.0.jar" />
                <include name="**/generator-11.2.0.jar" />
                <include name="**/quality-service-11.2.0.jar" />
            </fileset>
        </copy>

        <!-- grab sdk files from patch backup -->

        <copy todir="${ngmm-comn-sdkdir}" overwrite="true" >
            <fileset dir="${ngmm-11.2.10-sdkbakdir}" >
                <include name="ngmm-sdk-build.xml" />
                <include name="ngmm-sdk-build-analyzer.xml" />
                <include name="upgrade/**" />
            </fileset>
        </copy>

        <!-- uninstall Master Json -->
        <copy todir="${ngsdestdir}/etc/nextgate/mm/dqm" overwrite="true">
            <fileset dir="${ngmm-11.2.10-bakdir}/ngs/etc/nextgate/mm/dqm" includes="master.json" />
        </copy>

        <copy todir="${ngsdestdir}/etc/nextgate/mm/dqm/intl" overwrite="true">
            <fileset dir="${ngmm-11.2.10-bakdir}/ngs/etc/nextgate/mm/dqm/intl" includes="master.json" />
        </copy>

    	<ngsexec command="ngs:save-support-info"/>
        <echotime msg="Support File has been generated, please store it for tracking purposes (ngs/data/support)"/>
        <echotime msg="Uninstall completed, please restart NGS"/>
    </target>
</project>
