<?xml version="1.0" encoding="ISO-8859-1"?>
<!--
    Copyright (c) 2018, NextGate Solutions All Rights Reserved.

    This program, and all the NextGate Solutions authored routines referenced herein,
    are the proprietary properties and trade secrets of NextGate Solutions.

    Except as provided for by license agreement, this program shall not be duplicated,
    used, reversed engineered, decompiled, disclosed, shared, transferred, placed in a
    publicly available location (such as but not limited to ftp sites, bit torrents,
    shared drives, peer to peer networks, and such) without  written consent signed by
    an officer of NextGate Solutions.

    DISCLAIMER:

    This software is provided as is without warranty of any kind. The entire risk as to
    the results and performance of this software is assumed by the licensee and/or its
    affiliates and/or assignees. NextGate Solutions disclaims all warranties, either
    expressed or implied, including but not limited to the implied warranties of
    merchantability, fitness for a particular purpose, title and non-infringement, with
    respect to this software.

    - version control -
    $Id$
-->

<!--
    ========== MATCHMETRIX PRODUCT ROOT BUILD SCRIPT ==========

    The following file is an ant-based script containing libraries,
    task definitions, classpath references, property file references,
    and imports used during the MatchMetrix project installation and
    build process. This file will contain definitions used by targets,
    but not the targets themselves. See imported files for targets related
    to the build and installation, or to specific MatchMetrix applications.

-->

<project name="MatchMetrix" default="mmdefault" basedir=".">

    <!--
        ===== IMPORTS AND ANT LIBS =====
    -->

    <property name="root.dir" value="."/>
    <property name="absolute.root.dir" location="${root.dir}"/>
    <property name="install.root" value="${ng.home}/install"/>

    <import file="${install.root}/ng_install.xml" optional="false"/>

    <property name="ng.root" value="${ng.home}/.."/>
    <property name="ng.backup" value="${ng.root}/archives/backups"/>

    <if><not><isset property="tenant"/></not>
    <then>
        <property name="tenant" value="default"/>
    </then>
    </if>

    <!-- Installation, build and installation targets -->
    <import file="project/resources/ngmm-project-build.xml" optional="false"/>
    <!-- Nextgate Data Analyzer -->
    <import file="ngmm-sdk-build-analyzer.xml" optional="true"/>
    <!-- Nextgate Workflow -->
    <import file="workflow/resources/workflow.xml" optional="true"/>
    <!-- Nextgate Relation Registry -->
    <import file="relation/resources/relation.xml" optional="true"/>
    <!-- Upgrade targets -->
    <import file="ngmm-sdk-build-upgrade.xml" optional="true"/>
    <!-- Match statistics targets -->
    <import file="ngmm-sdk-build-match-stats.xml" optional="true"/>
    <!-- Miscellaneous utilities for other uses -->
    <import file="ngmm-sdk-build-util.xml" optional="false"/>
    <!-- Internal targets -->
    <import file="ngmm-internal.xml" optional="true"/>
    <!-- Automatic tests -->
    <import file="auto-test.xml" optional="true"/>

    <!--
        ===== VERIFY PROJECT.PROPERTIES =====
    -->

    <if><not><isset property="project.props.override.filename"/></not>
    <then>
        <property name="project.props.override.filename" value="project-${project}.properties"/>
    </then>
    </if>

    <condition property="project.properties" value="${basedir}/${project.props.override.filename}" else="${basedir}/project.properties">
        <isset property="project"/>
    </condition>

    <echo message="Using ${project.properties}"/>

    <!--
        ===== SET BUILD PROPERTIES =====
    -->

    <!-- Property files -->

    <!-- load twice to get self-set prop settings -->
    <loadprops file="${project.properties}"/>
    <loadprops file="${project.properties}"/>

    <!-- Optional properties to apply to all schema projects -->

    <property file="${basedir}/build.properties"/>
    <property file="global.properties" />

    <property name="mm.version" value="${mm-version}"/>
    <property name="mm.about.version" value="${mm-about-version}"/>

    <property name="db.schema.version" value="1.10"/>

    <!-- Difference between intl.en_US and en_US is that
    intl.en_US is based on the international EMPI model -->
    <property name="locale.en_US" value="en_US"/>
    <property name="locale.intl.en_AU" value="intl_en_AU"/>
    <property name="locale.intl.en_US" value="intl_en_US"/>
    <property name="locale.intl.en_GB" value="intl_en_GB"/>
    <property name="locale.intl.es_ES" value="intl_es_ES"/>
    <property name="locale.intl.fr_FR" value="intl_fr_FR"/>
    <property name="locale.intl.pt_BR" value="intl_pt_BR"/>

    <!-- Set to en_US by default if not populated -->
    <property name="locale" value="${locale.en_US}"/>

    <property name="person.template.name" value="person" />
    <property name="provider.template.name" value="provider" />

    <!-- MM Project directories -->
    <property name="absolute.project.dir" location="${project.dir}"/>
    <property name="absolute.working.dir" location="${working.dir}"/>
    <property name="absolute.report.dir" location="${report.dir}"/>
    <property name="absolute.config.dir" location="${project.config.dir}"/>
    <pathconvert property="absolute.working.dir.forward.slash" dirsep="/">
        <path location="${absolute.working.dir}"/>
    </pathconvert>

    <property name="config.dir" value="${absolute.project.dir}/config" />

    <!-- Set default values if they were not in project.properties -->

    <property name="database.driver.path" value="${basedir}/thirdparty/target/ojdbc6.jar"/>
    <property name="initial.load.commit.interval" value="1000"/>
    <property name="initial.load.thread.count" value="4"/>
    <property name="db.tablespace.data" value="USERS" />
    <property name="db.tablespace.index" value="USERS" />
    <property name="diff.viewer" value="" />
    <property name="profile.sampling.rate" value="" />
    <property name="jvm.max.stack" value="400k" />
    <property name="db.delete.alerts" value="false" />

    <if><os family="windows" />
    <then>
        <property name="path.value.separator" value=";"/>
    </then>
    <else>
        <property name="path.value.separator" value=":"/>
    </else>
    </if>

    <!--
        ===== SET CLASSPATHS =====
    -->

    <if><contains string="\${java.version}" substring="1.8" casesensitive="false"/>
    <then>
        <property name="mmsdk-root-lib" value="${ngsdestdir}/lib"/>
    </then>
    <else>
        <property name="mmsdk-root-lib" value="${ngsdestdir}/lib/jdk9plus"/>
    </else>
    </if>

    <path id="mm.gen.class.path">

        <fileset dir="${absolute.root.dir}">
            <include name="lib/*.jar" />
            <exclude name="lib/slf4j-log4j*.jar"/>
            <include name="nglib/*.jar" />
        </fileset>

        <fileset dir="${ant.home}">
            <include name="lib/*.jar" />
            <exclude name="lib/slf4j-jdk*.jar"/>
            <include name="nglib/*.jar" />
        </fileset>

        <pathelement location="${database.driver.path}" />

        <fileset dir="${mmsdk-root-lib}">
            <include name="*.jar" />
        </fileset>
    </path>

    <path id="mm.run.class.path">

        <fileset dir="${absolute.root.dir}">
            <include name="lib/*.jar" />
            <include name="nglib/*.jar" />
        </fileset>

        <pathelement location="${absolute.root.dir}"/>

        <pathelement location="${project.dir}/config/analyzer" />
        <pathelement location="${project.dir}/config" />
        <pathelement location="${project.dir}/config/standardizer" />
        <pathelement location="${basedir}/analyzer/resources/jasper" />
        <pathelement location="${basedir}/analyzer/src/test/data" />
        <pathelement location="${database.driver.path}"/>
        <pathelement location="${working.dir}/build/classes" />
        <pathelement location="${working.dir}/build/resource" />

        <fileset dir="${ant.home}">
            <include name="lib/*.jar" />
            <exclude name="lib/slf4j-jdk*.jar"/>
            <include name="nglib/*.jar" />
        </fileset>

        <fileset dir="${ng.root}/drivers">
            <include name="*.jar" />
        </fileset>
    </path>

    <path id="mm.ant.logging.class.path">

        <pathelement location="${basedir}"/>

        <fileset dir="${absolute.root.dir}">
            <include name="lib/*.jar" />
            <include name="nglib/*.jar" />
        </fileset>

        <pathelement location="${database.driver.path}"/>

        <fileset dir="${ant.home}">
            <include name="lib/*.jar" />
            <exclude name="lib/slf4j-jdk*.jar"/>
            <include name="nglib/*.jar" />
        </fileset>
    </path>

    <!--
        ===== TASK DEFINITIONS =====
    -->

    <taskdef name="http" classname="org.missinglink.ant.task.http.HttpClientTask">
        <classpath>
            <fileset dir="${absolute.root.dir}/lib">
                <include name="ml-ant-http-1.1.3.jar"/>
            </fileset>
        </classpath>
    </taskdef>

    <taskdef name="exec-listener" classname="com.nextgate.util.ant.anttasks.ExecListener" classpathref="mm.ant.logging.class.path" />
    <taskdef name="register-datasources" classname="com.nextgate.mm.analyzer.utils.DatasourceUtils" classpathref="mm.run.class.path"/>
    <taskdef name="export-db-schema" classname="com.nextgate.mm.analyzer.database.DbExport" classpathref="mm.run.class.path"/>
    <taskdef name="set-working-dir" classname="com.nextgate.mm.analyzer.tools.SystemPropertySetter" classpathref="mm.run.class.path"/>
    <taskdef name="set-properties-from-mm-config" classname="com.nextgate.mm.analyzer.tools.MMPropertySetter" classpathref="mm.run.class.path"/>

    <taskdef resource="com/nextgate/mm/util/analyzerbatch/ant/ngmmanalyzerbatchant.properties" classpathref="mm.run.class.path"/>

    <!--
        ===== JAVASCRIPT DEFINITIONS =====
    -->

    <scriptdef language="javascript" name="lowercase">
        <attribute name="string" />
        <attribute name="to" />

        project.setProperty( attributes.get( "to" ),
        attributes.get( "string" ).toLowerCase() );
    </scriptdef>

    <!--
        ===== MACRO DEFINITIONS =====
    -->

    <!--
        Macro for Nextgate Java targets. Contains system and JVM properties and MatchMetrix classpath.
        Also checks for debug and debug-remote command line properties and sets debug jvm properties accordingly.
    -->
    <macrodef name="ng.java">
        <attribute name="className" />
        <element name="args" />
        <sequential>
            <if><istrue value="${debug}" />
            <then>
                <java classpathref="mm.run.class.path" fork="true" maxmemory="${jvm.max.heap}" dir="${absolute.working.dir}" logError="true" failonerror="true" className="@{className}" >
                    <sysproperty key="ng.home" value="${ng.home}"/>
                    <sysproperty key="ant.log.dir" value="${absolute.working.dir}/"/>
                    <sysproperty key="sort.executable" value="${sort.executable}"/>
                    <sysproperty key="ngs.home" value="${config.dir}"/>
                    <sysproperty key="project.config.dir" value="${absolute.config.dir}"/>

                    <sysproperty key="install.ngsroot" value="${ngsdestdir}" />

                    <jvmarg value="-XX:-UseGCOverheadLimit"/>
                    <jvmarg value="-Xdebug"/>
                    <jvmarg value="-Xnoagent"/>
                    <jvmarg value="-Djava.compiler=none"/>
                    <jvmarg value="-Xrunjdwp:transport=dt_shmem,address=jdbconn,server=y,suspend=y"/>

                    <jvmarg value="-Xss${jvm.max.stack}"/>
                    <jvmarg value="-Djava.security.egd=file:///dev/urandom"/>
                    <jvmarg value="-Djava.library.path=${basedir}/loqatelib${path.value.separator}${basedir}/../../../install/lib"/>
                    <jvmarg value="-Djavax.xml.transform.TransformerFactory=com.sun.org.apache.xalan.internal.xsltc.trax.TransformerFactoryImpl"/>
                    <args />
                </java>
            </then>
            <elseif><istrue value="${debug-remote}" />
            <then>
                <java classpathref="mm.run.class.path" fork="true" maxmemory="${jvm.max.heap}" dir="${absolute.working.dir}" logError="true" failonerror="true" className="@{className}" >
                    <sysproperty key="ng.home" value="${ng.home}"/>
                    <sysproperty key="ant.log.dir" value="${absolute.working.dir}/"/>
                    <sysproperty key="sort.executable" value="${sort.executable}"/>
                    <sysproperty key="ngs.home" value="${config.dir}"/>
                    <sysproperty key="project.config.dir" value="${absolute.config.dir}"/>

                    <jvmarg value="-XX:-UseGCOverheadLimit"/>
                    <jvmarg value="-Xdebug"/>
                    <jvmarg value="-Xnoagent"/>
                    <jvmarg value="-Djava.compiler=none"/>
                    <jvmarg value="-Xrunjdwp:transport=dt_socket,server=y,suspend=y,address=9009"/>

                    <jvmarg value="-Xss${jvm.max.stack}"/>
                    <jvmarg value="-Djava.security.egd=file:///dev/urandom"/>
                    <jvmarg value="-Djava.library.path=${basedir}/loqatelib${path.value.separator}${basedir}/../../../install/lib"/>
                    <jvmarg value="-Djavax.xml.transform.TransformerFactory=com.sun.org.apache.xalan.internal.xsltc.trax.TransformerFactoryImpl"/>
                    <args />
                </java>
            </then>
            </elseif>
            <else>
                <java classpathref="mm.run.class.path" fork="true" maxmemory="${jvm.max.heap}" dir="${absolute.working.dir}" logError="true" failonerror="true" className="@{className}" >
                    <sysproperty key="ng.home" value="${ng.home}"/>
                    <sysproperty key="ant.log.dir" value="${absolute.working.dir}/"/>
                    <sysproperty key="sort.executable" value="${sort.executable}"/>
                    <sysproperty key="ngs.home" value="${config.dir}"/>
                    <sysproperty key="project.config.dir" value="${absolute.config.dir}"/>

                    <jvmarg value="-XX:-UseGCOverheadLimit"/>
                    <jvmarg value="-Xss${jvm.max.stack}"/>
                    <jvmarg value="-Djava.security.egd=file:///dev/urandom"/>
                    <jvmarg value="-Djava.library.path=${basedir}/loqatelib${path.value.separator}${basedir}/../../../install/lib"/>
                    <jvmarg value="-Djavax.xml.transform.TransformerFactory=com.sun.org.apache.xalan.internal.xsltc.trax.TransformerFactoryImpl"/>
                    <args />
                </java>
            </else>
            </if>
        </sequential>
    </macrodef>

    <macrodef name="mexec-copy-common-resource">
        <attribute name="mlocale"/>
        <attribute name="mtemplate.name"/>

        <sequential>
            <lowercase string="@{mtemplate.name}" to="template.name.lc"/>
            <copy failonerror="false" todir="${absolute.root.dir}/schemas/${template.name.lc}/templates/@{mlocale}/config/resource">
                <fileset dir="${absolute.root.dir}/common/resource">
                    <include name="*"/>
                    <exclude name="locale"/>
                    <exclude name="**/.svn"/>
                </fileset>
                <fileset dir="${absolute.root.dir}/common/resource/locale/@{mlocale}">
                    <include name="*"/>
                </fileset>
            </copy>
        </sequential>
    </macrodef>

    <macrodef name="mexec-create-project">
        <attribute name="mproject.path"/>
        <attribute name="mlocale"/>
        <attribute name="mtemplate.name"/>
        <sequential>
            <lowercase string="@{mtemplate.name}" to="template.name.lc"/>
            <copy file="${absolute.root.dir}/schemas/project.properties" tofile="${project.properties}"/>
            <copy todir="@{mproject.path}/config">
                <fileset dir="${absolute.root.dir}/schemas/${template.name.lc}/templates/@{mlocale}/config">
                    <exclude name="**/locale/**"/>
                </fileset>
            </copy>
            <copy todir="@{mproject.path}/data">
                <fileset dir="${absolute.root.dir}/schemas/${template.name.lc}/templates/@{mlocale}/data"/>
            </copy>
            <copy todir="@{mproject.path}/sample">
                <fileset dir="${absolute.root.dir}/schemas/${template.name.lc}/templates/@{mlocale}/sample"/>
            </copy>
            <mkdir dir="@{mproject.path}/license"/>
            <var name="create.project.mproject.path" value="@{mproject.path}" />
            <replace file="${project.properties}">
                <replacefilter token="$${project-path}" value="${create.project.mproject.path}"/>
                <replacefilter token="$${project-db}" value="${template.name.lc}"/>
                <replacefilter token="$${project-name}" value="${template.name.lc}"/>
                <replacefilter token="$${object-name}" value="@{mtemplate.name}"/>
                <replacefilter token="$${project-locale}" value="@{mlocale}"/>
            </replace>
            <copy todir="@{mproject.path}/license">
                <fileset dir=".">
                    <include name="*license*"/>
                </fileset>
            </copy>
        </sequential>
    </macrodef>

    <macrodef name="mexec-sql">
        <attribute name="input.file"/>
        <attribute name="output.file.name"/>
        <attribute name="delimiter"/>
        <sequential>
            <echo message="Processing sql: @{input.file}"/>
            <ng.java className="com.nextgate.mm.analyzer.database.SqlRunner" >
                <args>
                    <arg value="--tenant"/>
                    <arg value="${tenant}"/>
                    <arg value="--project"/>
                    <arg value="${project}"/>
                    <arg value="--printerror"/>
                    <arg value="--input"/>
                    <arg value="@{input.file}"/>
                    <arg value="--delimiter"/>
                    <arg value="@{delimiter}"/>
                    <arg value="--output"/>
                    <arg value="@{output.file.name}"/>
                    <arg value="--showsql"/>
                    <arg value="--failonerror"/>
                </args>
            </ng.java>
        </sequential>
    </macrodef>

    <macrodef name="mexec-sql-ignore-error">
        <attribute name="input.file"/>
        <attribute name="output.file.name"/>
        <attribute name="delimiter"/>
        <sequential>
            <echo message="Processing sql: @{input.file}"/>
            <ng.java className="com.nextgate.mm.analyzer.database.SqlRunner" >
                <args>
                    <arg value="--tenant"/>
                    <arg value="${tenant}"/>
                    <arg value="--project"/>
                    <arg value="${project}"/>
                    <arg value="--printerror"/>
                    <arg value="--input"/>
                    <arg value="@{input.file}"/>
                    <arg value="--delimiter"/>
                    <arg value="@{delimiter}"/>
                    <arg value="--output"/>
                    <arg value="@{output.file.name}"/>
                    <arg value="--showsql"/>
                </args>
            </ng.java>
        </sequential>
    </macrodef>

    <macrodef name="mexec-validate-xml">
        <attribute name="xml.file"/>
        <attribute name="xsd.file"/>
        <sequential>
            <echo message="Validating XML file: @{xml.file}"/>
            <ng.java className="com.sun.mdm.index.project.ValidationTask" >
                <args>
                    <arg value="@{xml.file}"/>
                    <arg value="@{xsd.file}"/>
                </args>
            </ng.java>
        </sequential>
    </macrodef>

    <!--
        ===== COMMON PRIVATE TARGETS =====
    -->
    <!-- full initialization including mm properties -->
    <target name="-init" depends="-init-base, -init-mm-props"/>

    <!-- initiatize base working directory and properties without loading mm properties -->
    <target name="-init-base" depends="-prop-check, -init-working-dir, -init-base-props"/>

    <!-- initialize the working directory -->
    <target name="-init-working-dir" >
        <mkdir dir="${absolute.working.dir}"/>
    </target>

    <!-- set some ant properties using java config classes
        Property set list:
            'registry.type' -> object name, e.g. Person, Provider
    -->
    <target name="-init-mm-props" >
        <set-properties-from-mm-config configDir="${absolute.config.dir}" configFile="config.xml"/>
    </target>

    <!-- Sets some properties prior to running targets -->
    <target name="-init-base-props" depends="-prop-check">

        <condition property="db.type" value="oracle">
            <contains string="${db.url}" substring="oracle"/>
        </condition>
        <condition property="db.type" value="mssql">
            <contains string="${db.url}" substring="sqlserver"/>
        </condition>
        <condition property="db.type" value="mysql" >
            <contains string="${db.url}" substring="mysql"/>
        </condition>
        <condition property="db.type" value="postgresql" >
            <contains string="${db.url}" substring="postgresql"/>
        </condition>
        <condition property="db.type" value="hsqldb" >
            <not>
                <isset property="db.type"/>
            </not>
        </condition>

        <set-working-dir property="ant.log.dir" value="${absolute.working.dir}" />

        <property name="ant-logging-enabled" value="true" />

        <var name="invoked_targets" value="" />

        <record action="start" append="yes" name="${absolute.working.dir}/log.txt" />

        <condition property="dqm.session.timeout" value="60">
            <not>
                <isset property="dqm.session.timeout" />
            </not>
        </condition>

        <condition property="transaction.type" value="BEAN">
            <not>
                <isset property="transaction.type" />
            </not>
        </condition>

        <tstamp>
            <format property="build-date" pattern="yyyyMMddHHmmss"/>
        </tstamp>

        <property file="${absolute.config.dir}/system/application.properties"/>

        <property name="application.name" value="${APPLICATION_NAME}"/>
        <lowercase string="${application.name}" to="application.name.lower"/>
        <condition property="v8.compatible.ws" else="false">
            <istrue value="${V8_COMPATIBLE_WS}"/>
        </condition>
    </target>

    <!-- Checks for valid project.properties file -->
    <target name="-prop-check">

        <condition property="proj-props-present">
            <and>
                <available file="${project.properties}"/>
            </and>
        </condition>

        <fail unless="proj-props-present">
            ${project.properties} not found: project.properties or file with specified project name (-Dproject=&lt;name&gt;) must be present
        </fail>
    </target>

    <!-- Validates that certain required properties are specified -->
    <target name="-validate">
        <fail unless="db.url" message="db.url parameter not specified" />
        <fail unless="working.dir" message="working.dir parameter not specified" />
        <mkdir dir="${absolute.working.dir}"/>
    </target>

    <!-- Prompt users for confirmation if performing an operations that may delete or overwrite data -->
    <target name="-confirm-db-touch" if="${db.delete.alerts}">
        <echo message="You are about to make modifications to the database, Continue?" />

        <if><not><isset property="ngmm-dbchange-notice_accept"/></not>
        <then>
            <getinput message="Acknowledge:" validargs="y,n" addproperty="ngmm-dbchange-notice_accept"/>
        </then>
        </if>

        <if><not><equals arg1="${ngmm-dbchange-notice_accept}" arg2="y"/></not>
        <then>
            <fail message="DB Change notice not accepted"/>
        </then>
        </if>
    </target>

    <!-- Set the sorting executable depending on the operating system.  This is necessary
    because Windows default sort needs to be overriden by Cygwin sort -->

    <target name="-set-sort-executable" depends="-init">
        <property name="sort.executable" value="sort"/>
    </target>

    <!-- Set property indicating whether execution is on a Windows box -->
    <target name="-is-windows">
        <condition property="windows-is-true">
            <os family="windows"/>
        </condition>
    </target>

    <!--
        ===== EXECUTE DEFAULT MM ANT LOGGER =====
    -->

    <exec-listener>
        <if><equals arg1="${ant-logging-enabled}" arg2="true" />
        <then>
            <record action="stop" name="log.txt" />
            <taskdef name="log-version" classname="com.nextgate.util.ant.anttasks.VersionLogger" classpathref="mm.ant.logging.class.path" />

            <!-- blank property if not set in main target, will not override var if set -->
            <property name="scriptlocation" value="" />

            <!-- action logging supported only in Ant version 1.8 or higher -->
            <property name="ant.project.invoked-targets" value="" />

            <if><equals arg1="${ant.project.invoked-targets}" arg2="" />
            <then>
                <echo>Ant target names will not be captured in the output logs.  This feature is supported with Ant 1.8 and higher.</echo>
            </then>
            </if>

            <log-version action="${ant.project.invoked-targets}" actionlog="log.txt" scriptlocation="${scriptlocation}" />

            <if><os family="windows" />
            <then>
                <exec executable="cmd">
                    <arg value="/c del log.txt" />
                </exec>
            </then>
            </if>

            <if><os family="unix" />
            <then>
                <exec executable="rm">
                    <arg value="log.txt" />
                </exec>
            </then>
            </if>
        </then>
        </if>
    </exec-listener>

    <target name="mmdefault" depends="mmhelp">
        <echo message="Please specify one or more of the [ngcmd] commands above to execute."/>
    </target>

    <target name="mmhelp">
        <java classname="org.apache.tools.ant.Main">
            <arg value="-projecthelp" />
            <arg value="-buildfile" />
            <arg value="${ant.file}" />
        </java>
    </target>
</project>
