<?xml version="1.0" encoding="ISO-8859-1"?>
<!--
    Copyright (c) 2023, Rhapsody. All Rights Reserved.
-->

<project name="ngrs-patch-11.2.10-install" default="build" basedir="..">

    <property name="ngrs-11.2.10-proddir" value="${stagedir}/ngrs-patch-11.2.10/11.2.10_rev356"/>
    <property name="ngrs-11.2.10-ngsdir" value="${ngrs-11.2.10-proddir}/ngs"/>
    <property name="ngrs-11.2.10-syssrcdir" value="${ngrs-11.2.10-proddir}/ngs/system"/>
    <property name="ngrs-11.2.10-bakdir" value="${stagedir}/ngrs-patch-11.2.10/11.2.10_rev356/backup"/>
    <property name="ngrs-11.2.10-sdkbakdir" value="${ngrs-11.2.10-bakdir}/sdk"/>

    <target name="ngrs-patch-11.2.10">

        <echotime msg="Installing ngrs Patch 11.2.10"/>

        <copy todir="${ngsdestdir}/system" overwrite="true">
            <fileset dir="${ngrs-11.2.10-syssrcdir}"/>
        </copy>

        <delete dir="${ngsdestdir}/data/repo"/>

        <ngsexec command="bundle:list -s | grep com.nextgate.reporter.ngrs-reporter-service" outputproperty="reporter-installed-tag"/>
        <if><contains string="${reporter-installed-tag}" substring="com.nextgate.reporter.ngrs-reporter-service"/>
        <then>
            <ngsexec command="bundle:update com.nextgate.reporter.ngrs-reporter-service mvn:com.nextgate.reporter/ngrs-reporter-service/11.2.10.356"/>
            <update-dependency-override tag="ngrs-11.2.10" command="UPDATE" fullVersion="11.2.10.356" bundleBaseUri="com.nextgate.reporter/ngrs-reporter-service"/>

            <ngsexec command="bundle:update com.nextgate.reporter.ngrs-healthbroker-healthcheck mvn:com.nextgate.reporter/ngrs-healthbroker-healthcheck/11.2.10.356"/>
            <update-dependency-override tag="ngrs-11.2.10" command="UPDATE" fullVersion="11.2.10.356" bundleBaseUri="com.nextgate.reporter/ngrs-healthbroker-healthcheck"/>

            <ngsexec command="bundle:update com.nextgate.reporter.ui.ngrs-reporter-ui mvn:com.nextgate.reporter.ui/ngrs-reporter-ui/11.2.10.356/war"/>
           <update-dependency-override tag="ngrs-11.2.10" command="UPDATE" fullVersion="11.2.10.356" bundleBaseUri="com.nextgate.reporter.ui/ngrs-reporter-ui" bundleAddUri="war"/>
        </then>
        </if>

        <ngsexec command="ngs:save-support-info"/>
        <echotime msg="Support File has been generated, please store it for tracking purposes (ngs/data/support)"/>
        <echotime msg="Install completed, please restart NGS"/>
    </target>

    <target name="ngrs-patch-11.2.10-uninstall">

        <echotime msg="Uninstalling ngrs Patch 11.2.10"/>

        <delete dir="${ngsdestdir}/data/repo"/>

        <update-dependency-override tag="ngrs-11.2.10" command="ROLLBACK"/>

        <ngsexec command="bundle:list -s | grep com.nextgate.reporter.ngrs-reporter-service" outputproperty="reporter-installed-tag"/>
        <if><contains string="${reporter-installed-tag}" substring="com.nextgate.reporter.ngrs-reporter-service"/>
        <then>
            <ngsexec command="bundle:update com.nextgate.reporter.ngrs-reporter-service mvn:com.nextgate.reporter/ngrs-reporter-service/11.2.0"/>
            <ngsexec command="bundle:update com.nextgate.reporter.ngrs-healthbroker-healthcheck mvn:com.nextgate.reporter/ngrs-healthbroker-healthcheck/11.2.0"/>
            <ngsexec command="bundle:update com.nextgate.reporter.ui.ngrs-reporter-ui mvn:com.nextgate.reporter.ui/ngrs-reporter-ui/11.2.0/war"/>
        </then>
        </if>

        <ngsexec command="ngs:save-support-info"/>
        <echotime msg="Support File has been generated, please store it for tracking purposes (ngs/data/support)"/>
        <echotime msg="Uninstall completed, please restart NGS"/>
    </target>
</project>
